中央・総武線各駅停車,各駅停車,,,432,東京,13,,
中央・総武線各駅停車,各駅停車,,,436,千葉,13,,
中央・総武線各駅停車,各駅停車,,,453,東京,13,,
中央・総武線各駅停車,各駅停車,,,458,高尾,16,,
中央・総武線各駅停車,各駅停車,,,503,東京,13,,
中央・総武線各駅停車,各駅停車,,,513,東京,13,,
中央・総武線各駅停車,各駅停車,,,516,千葉,13,,
中央・総武線各駅停車,各駅停車,,,518,高尾,16,,
中央・総武線各駅停車,各駅停車,,,523,東京,13,,
中央・総武線各駅停車,各駅停車,,,529,高尾,16,,
中央・総武線各駅停車,各駅停車,,,532,東京,13,,
中央・総武線各駅停車,各駅停車,,,539,東京,13,,
中央・総武線各駅停車,各駅停車,,,541,高尾,16,,
中央・総武線各駅停車,各駅停車,,,543,千葉,13,,
中央・総武線各駅停車,各駅停車,,,550,東京,13,,
中央・総武線各駅停車,各駅停車,,,553,高尾,16,,
中央・総武線各駅停車,各駅停車,,,556,東京,13,,
中央・総武線各駅停車,各駅停車,,,603,高尾,16,,
中央・総武線各駅停車,各駅停車,,,607,千葉,13,,
中央・総武線各駅停車,各駅停車,,,614,河辺,16,,
中央・総武線各駅停車,各駅停車,,,617,千葉,13,,
埼京線・川越線,通勤快速,,,620,川越,3,1,
中央線快速,快速,,,621,高尾,12,,
中央・総武線各駅停車,各駅停車,,,624,千葉,13,,
埼京線・川越線,各駅停車,,,625,武蔵浦和,2,1,
中央線快速,中央特快,,,626,高尾,12,,
中央・総武線各駅停車,各駅停車,,,629,三鷹,16,,
中央・総武線各駅停車,各駅停車,,,629,千葉,13,,
中央線快速,快速,,,631,高尾,12,,
埼京線・川越線,通勤快速,,,632,川越,1,1,
埼京線・川越線,各駅停車,,,636,大宮,3,1,
中央・総武線各駅停車,各駅停車,,,636,中野,16,,
中央・総武線各駅停車,各駅停車,,,636,千葉,13,,
中央線快速,快速,,,637,高尾,12,,
埼京線・川越線,各駅停車,,,642,武蔵浦和,2,1,
中央線快速,快速,,,642,高尾,12,,
中央・総武線各駅停車,各駅停車,,,644,千葉,13,,
中央・総武線各駅停車,各駅停車,,,645,中野,16,,
埼京線・川越線,各駅停車,,,646,大宮,3,1,
中央線快速,中央特快,,,648,高尾,12,,
埼京線・川越線,通勤快速,,,650,川越,4,1,
中央・総武線各駅停車,各駅停車,,,650,西船橋,13,,
中央線快速,快速,,,652,青梅,12,,
中央・総武線各駅停車,各駅停車,,,654,三鷹,16,,
中央・総武線各駅停車,各駅停車,,,654,千葉,13,,
埼京線・川越線,各駅停車,,,656,武蔵浦和,2,1,
中央・総武線各駅停車,各駅停車,,,658,西船橋,13,,
埼京線・川越線,各駅停車,,,700,大宮,3,1,
中央・総武線各駅停車,各駅停車,,,700,中野,16,,
中央線快速,特急,スーパーあずさ,1,700,松本,10,1,
中央本線,特急,スーパーあずさ,1,700,松本,10,1,
中央・総武線各駅停車,各駅停車,,,701,千葉,13,,
埼京線・川越線,通勤快速,,,704,川越,1,1,
中央・総武線各駅停車,各駅停車,,,704,西船橋,13,,
中央線快速,快速,,,704,高尾,12,,
中央・総武線各駅停車,各駅停車,,,706,中野,16,,
中央・総武線各駅停車,各駅停車,,,707,千葉,13,,
埼京線・川越線,各駅停車,,,708,武蔵浦和,2,1,
埼京線・川越線,各駅停車,,,710,新木場,1,,
中央・総武線各駅停車,各駅停車,,,710,西船橋,13,,
中央線快速,快速,,,710,高尾,12,,
中央・総武線各駅停車,各駅停車,,,713,三鷹,16,,
中央・総武線各駅停車,各駅停車,,,713,千葉,13,,
中央本線,特急,あずさ,51,714,松本,9,1,1
埼京線・川越線,各駅停車,,,715,大宮,3,1,
中央線快速,快速,,,716,高尾,12,,
中央・総武線各駅停車,各駅停車,,,717,西船橋,13,,
中央・総武線各駅停車,各駅停車,,,718,中野,16,,
埼京線・川越線,通勤快速,,,719,川越,4,,
中央線快速,快速,,,719,立川,12,,
中央・総武線各駅停車,各駅停車,,,722,三鷹,16,,
中央・総武線各駅停車,各駅停車,,,722,千葉,13,,
埼京線・川越線,各駅停車,,,724,新木場,1,,
埼京線・川越線,各駅停車,,,724,武蔵浦和,2,1,
中央線快速,快速,,,725,高尾,12,,
中央・総武線各駅停車,各駅停車,,,726,西船橋,13,,
埼京線・川越線,各駅停車,,,727,大宮,3,1,
中央・総武線各駅停車,各駅停車,,,727,三鷹,16,,
中央・総武線各駅停車,各駅停車,,,730,三鷹,16,,
中央・総武線各駅停車,各駅停車,,,730,千葉,13,,
中央線快速,特急,あずさ,3,730,南小谷,10,,
中央本線,特急,あずさ,3,730,南小谷,10,,
中央線快速,快速,,,731,高尾,12,,
埼京線・川越線,通勤快速,,,733,新木場,1,,
埼京線・川越線,通勤快速,,,733,川越,2,1,
中央・総武線各駅停車,各駅停車,,,733,西船橋,13,,
中央線快速,快速,,,734,武蔵小金井,12,,
中央・総武線各駅停車,各駅停車,,,735,三鷹,16,,
埼京線・川越線,各駅停車,,,737,武蔵浦和,4,,
中央・総武線各駅停車,各駅停車,,,737,西船橋,13,,
中央線快速,快速,,,737,高尾,12,,
中央・総武線各駅停車,各駅停車,,,739,三鷹,16,,
中央・総武線各駅停車,各駅停車,,,741,千葉,13,,
中央線快速,快速,,,741,高尾,12,,
埼京線・川越線,各駅停車,,,742,大宮,3,1,
中央線快速,快速,,,743,武蔵小金井,12,,
埼京線・川越線,通勤快速,,,744,新木場,1,,
中央・総武線各駅停車,各駅停車,,,744,三鷹,16,,
埼京線・川越線,各駅停車,,,745,武蔵浦和,2,1,
中央・総武線各駅停車,各駅停車,,,745,西船橋,13,,
中央線快速,快速,,,745,青梅,12,,
中央・総武線各駅停車,各駅停車,,,747,三鷹,16,,
中央・総武線各駅停車,各駅停車,,,749,中野,16,,
中央線快速,快速,,,749,高尾,12,,
埼京線・川越線,各駅停車,,,750,新木場,2,,
中央・総武線各駅停車,各駅停車,,,750,千葉,13,,
埼京線・川越線,通勤快速,,,751,川越,4,,
中央・総武線各駅停車,各駅停車,,,752,三鷹,16,,
中央・総武線各駅停車,各駅停車,,,754,西船橋,13,,
中央線快速,快速,,,754,高尾,12,,
中央・総武線各駅停車,各駅停車,,,755,三鷹,16,,
埼京線・川越線,各駅停車,,,756,大宮,3,1,
埼京線・川越線,各駅停車,,,757,新木場,2,,
中央・総武線各駅停車,各駅停車,,,757,三鷹,16,,
中央・総武線各駅停車,各駅停車,,,759,三鷹,16,,
中央・総武線各駅停車,各駅停車,,,759,千葉,13,,
埼京線・川越線,通勤快速,,,800,新木場,1,,
中央線快速,特急,スーパーあずさ,5,800,松本,9,1,
中央本線,特急,スーパーあずさ,5,800,松本,9,1,
埼京線・川越線,各駅停車,,,801,大宮,4,,
中央線快速,快速,,,801,青梅,12,,
中央・総武線各駅停車,各駅停車,,,802,中野,16,,
中央・総武線各駅停車,各駅停車,,,802,西船橋,13,,
中央線快速,快速,,,803,武蔵小金井,11,,
中央・総武線各駅停車,各駅停車,,,804,三鷹,16,,
埼京線・川越線,各駅停車,,,805,赤羽,3,1,
中央・総武線各駅停車,各駅停車,,,805,津田沼,13,,
中央線快速,快速,,,805,高尾,12,,
中央・総武線各駅停車,各駅停車,,,806,中野,16,,
中央線快速,快速,,,807,武蔵小金井,11,,
埼京線・川越線,各駅停車,,,808,新木場,2,,
中央・総武線各駅停車,各駅停車,,,808,千葉,13,,
中央・総武線各駅停車,各駅停車,,,809,三鷹,16,,
中央・総武線各駅停車,各駅停車,,,810,西船橋,13,,
中央線快速,快速,,,810,高尾,12,,
埼京線・川越線,通勤快速,,,811,川越,4,,
中央・総武線各駅停車,各駅停車,,,811,中野,16,,
中央線快速,快速,,,812,豊田,11,,
中央・総武線各駅停車,各駅停車,,,813,津田沼,13,,
埼京線・川越線,各駅停車,,,814,新木場,2,,
埼京線・川越線,各駅停車,,,814,大宮,3,1,
中央・総武線各駅停車,各駅停車,,,814,三鷹,16,,
中央・総武線各駅停車,各駅停車,,,815,千葉,13,,
中央線快速,快速,,,815,豊田,12,,
中央・総武線各駅停車,各駅停車,,,816,三鷹,16,,
埼京線・川越線,通勤快速,,,817,新木場,1,,
中央線快速,快速,,,817,高尾,11,,
中央・総武線各駅停車,各駅停車,,,818,中野,16,,
中央・総武線各駅停車,各駅停車,,,818,西船橋,13,,
埼京線・川越線,各駅停車,,,819,武蔵浦和,4,,
中央線快速,快速,,,819,青梅,12,,
中央・総武線各駅停車,各駅停車,,,820,津田沼,13,,
中央・総武線各駅停車,各駅停車,,,821,三鷹,16,,
埼京線・川越線,各駅停車,,,822,新木場,1,,
中央線快速,快速,,,822,武蔵小金井,11,,
埼京線・川越線,各駅停車,,,823,大宮,4,,
中央・総武線各駅停車,各駅停車,,,823,千葉,13,,
埼京線・川越線,各駅停車,,,824,新木場,2,,
中央・総武線各駅停車,各駅停車,,,824,中野,16,,
中央線快速,快速,,,824,高尾,12,,
中央・総武線各駅停車,各駅停車,,,825,津田沼,13,,
中央・総武線各駅停車,各駅停車,,,826,三鷹,16,,
中央線快速,快速,,,826,立川,11,,
中央・総武線各駅停車,各駅停車,,,828,三鷹,16,,
中央・総武線各駅停車,各駅停車,,,828,西船橋,13,,
中央線快速,快速,,,828,豊田,12,,
埼京線・川越線,各駅停車,,,830,新木場,2,,
埼京線・川越線,通勤快速,,,830,川越,4,,
中央・総武線各駅停車,各駅停車,,,830,千葉,13,,
中央線快速,特急,あずさ,7,830,松本,10,1,
中央本線,特急,あずさ,7,830,松本,10,1,
中央・総武線各駅停車,各駅停車,,,831,中野,16,,
埼京線・川越線,通勤快速,,,832,新木場,1,,
中央線快速,快速,,,832,高尾,11,,
埼京線・川越線,各駅停車,,,833,大宮,4,,
中央・総武線各駅停車,各駅停車,,,833,中野,16,,
中央・総武線各駅停車,各駅停車,,,833,津田沼,13,,
中央線快速,快速,,,834,武蔵小金井,12,,
中央・総武線各駅停車,各駅停車,,,835,三鷹,16,,
中央・総武線各駅停車,各駅停車,,,835,津田沼,13,,
中央線快速,快速,,,836,豊田,11,,
埼京線・川越線,各駅停車,,,838,新木場,1,,
埼京線・川越線,各駅停車,,,838,赤羽,3,1,
中央・総武線各駅停車,各駅停車,,,838,三鷹,16,,
中央・総武線各駅停車,各駅停車,,,838,千葉,13,,
中央線快速,快速,,,838,高尾,12,,
中央・総武線各駅停車,各駅停車,,,840,中野,16,,
中央線快速,快速,,,840,豊田,11,,
埼京線・川越線,各駅停車,,,841,大宮,4,,
中央・総武線各駅停車,各駅停車,,,841,津田沼,13,,
中央・総武線各駅停車,各駅停車,,,842,三鷹,16,,
中央線快速,快速,,,842,八王子,12,,
埼京線・川越線,通勤快速,,,844,新木場,1,,
中央・総武線各駅停車,各駅停車,,,844,千葉,13,,
中央線快速,快速,,,844,豊田,11,,
埼京線・川越線,通勤快速,,,846,川越,4,,
中央・総武線各駅停車,各駅停車,,,846,三鷹,16,,
中央線快速,快速,,,846,高尾,12,,
中央・総武線各駅停車,各駅停車,,,847,津田沼,13,,
中央・総武線各駅停車,各駅停車,,,848,中野,16,,
中央線快速,快速,,,848,青梅,11,,
埼京線・川越線,各駅停車,,,849,武蔵浦和,3,1,
中央・総武線各駅停車,各駅停車,,,850,中野,16,,
中央・総武線各駅停車,各駅停車,,,850,津田沼,13,,
中央線快速,快速,,,850,武蔵小金井,12,,
埼京線・川越線,各駅停車,,,852,大宮,4,,
中央・総武線各駅停車,各駅停車,,,852,千葉,13,,
中央線快速,快速,,,852,立川,11,,
埼京線・川越線,各駅停車,,,853,新木場,1,,
中央・総武線各駅停車,各駅停車,,,853,三鷹,16,,
中央線快速,快速,,,854,豊田,12,,
埼京線・川越線,各駅停車,,,855,大宮,2,1,
中央・総武線各駅停車,各駅停車,,,855,三鷹,16,,
中央・総武線各駅停車,各駅停車,,,855,津田沼,13,,
中央線快速,快速,,,856,武蔵小金井,11,,
埼京線・川越線,各駅停車,,,858,新木場,1,,
中央・総武線各駅停車,各駅停車,,,858,中野,16,,
中央・総武線各駅停車,各駅停車,,,858,千葉,13,,
中央線快速,快速,,,858,高尾,12,,
埼京線・川越線,各駅停車,,,859,赤羽,4,,
中央・総武線各駅停車,各駅停車,,,900,三鷹,16,,
中央線快速,特急,あずさ,9,900,松本,9,1,
中央本線,特急,あずさ,9,900,松本,9,1,
中央・総武線各駅停車,各駅停車,,,901,津田沼,13,,
埼京線・川越線,各駅停車,,,902,川越,3,1,
中央線快速,快速,,,902,豊田,11,,
中央・総武線各駅停車,各駅停車,,,903,中野,16,,
中央・総武線各駅停車,各駅停車,,,904,津田沼,13,,
中央線快速,快速,,,904,高尾,12,,
埼京線・川越線,通勤快速,,,905,川越,2,1,
中央・総武線各駅停車,各駅停車,,,906,三鷹,16,,
中央線快速,快速,,,906,豊田,11,,
中央・総武線各駅停車,各駅停車,,,907,千葉,13,,
中央線快速,快速,,,908,武蔵小金井,12,,
中央・総武線各駅停車,各駅停車,,,909,中野,16,,
中央線快速,快速,,,910,八王子,11,,
埼京線・川越線,各駅停車,,,911,新木場,1,,
埼京線・川越線,各駅停車,,,911,大宮,4,,
中央・総武線各駅停車,各駅停車,,,911,津田沼,13,,
中央・総武線各駅停車,各駅停車,,,912,三鷹,16,,
中央線快速,快速,,,912,高尾,12,,
埼京線・川越線,各駅停車,,,914,大宮,3,1,
中央線快速,快速,,,914,武蔵小金井,11,,
埼京線・川越線,通勤快速,,,915,新木場,1,,
中央・総武線各駅停車,各駅停車,,,915,三鷹,16,,
中央・総武線各駅停車,各駅停車,,,915,千葉,13,,
中央線快速,快速,,,916,青梅,12,,
中央線快速,快速,,,918,武蔵小金井,11,,
埼京線・川越線,各駅停車,,,919,大宮,4,,
中央・総武線各駅停車,各駅停車,,,919,中野,16,,
中央・総武線各駅停車,各駅停車,,,919,津田沼,13,,
中央線快速,快速,,,920,大月,12,,
埼京線・川越線,各駅停車,,,921,池袋,4,,
埼京線・川越線,各駅停車,,,922,新木場,1,,
中央・総武線各駅停車,各駅停車,,,922,三鷹,16,,
中央線快速,快速,,,922,八王子,11,,
中央・総武線各駅停車,各駅停車,,,923,津田沼,13,,
中央線快速,快速,,,924,豊田,12,,
中央・総武線各駅停車,各駅停車,,,926,三鷹,16,,
中央線快速,快速,,,926,高尾,11,,
埼京線・川越線,通勤快速,,,927,川越,2,1,
埼京線・川越線,通勤快速,,,928,新木場,1,,
中央・総武線各駅停車,各駅停車,,,928,千葉,13,,
中央線快速,快速,,,928,豊田,12,,
埼京線・川越線,各駅停車,,,929,大宮,4,,
中央・総武線各駅停車,各駅停車,,,930,中野,16,,
中央線快速,特急,かいじ,101,930,甲府,10,1,
中央本線,特急,かいじ,101,930,甲府,10,1,
中央線快速,快速,,,931,武蔵小金井,11,,
中央・総武線各駅停車,各駅停車,,,932,津田沼,13,,
中央・総武線各駅停車,各駅停車,,,933,三鷹,16,,
中央線快速,快速,,,933,高尾,12,,
埼京線・川越線,各駅停車,,,935,大宮,4,,
中央線快速,快速,,,935,青梅,11,,
中央・総武線各駅停車,各駅停車,,,937,千葉,13,,
中央線快速,快速,,,937,豊田,12,,
埼京線・川越線,各駅停車,,,938,池袋,2,1,
中央・総武線各駅停車,各駅停車,,,938,中野,16,,
中央線快速,快速,,,939,武蔵小金井,11,,
中央・総武線各駅停車,各駅停車,,,941,津田沼,13,,
中央・総武線各駅停車,各駅停車,,,942,三鷹,16,,
中央線快速,快速,,,942,高尾,12,,
埼京線・川越線,快速,,,943,川越,4,,
埼京線・川越線,通勤快速,,,945,新木場,1,,
埼京線・川越線,各駅停車,,,946,大宮,3,1,
中央・総武線各駅停車,各駅停車,,,946,千葉,13,,
中央・総武線各駅停車,各駅停車,,,947,三鷹,16,,
中央線快速,中央特快,,,947,高尾,12,,
埼京線・川越線,各駅停車,,,948,池袋,4,,
中央・総武線各駅停車,各駅停車,,,949,中野,16,,
中央線快速,快速,,,949,武蔵小金井,11,,
埼京線・川越線,各駅停車,,,951,大宮,2,1,
中央・総武線各駅停車,各駅停車,,,951,津田沼,13,,
中央線快速,快速,,,951,青梅,12,,
中央・総武線各駅停車,各駅停車,,,952,三鷹,16,,
中央線快速,快速,,,954,高尾,12,,
埼京線・川越線,各駅停車,,,955,新木場,1,,
中央・総武線各駅停車,各駅停車,,,955,津田沼,13,,
中央・総武線各駅停車,各駅停車,,,956,中野,16,,
埼京線・川越線,各駅停車,,,959,大宮,4,,
中央・総武線各駅停車,各駅停車,,,1000,千葉,13,,
中央線快速,特急,スーパーあずさ,11,1000,松本,9,1,
中央本線,特急,スーパーあずさ,11,1000,松本,9,1,
中央・総武線各駅停車,各駅停車,,,1001,三鷹,16,,
中央線快速,快速,,,1001,立川,12,,
埼京線・川越線,各駅停車,,,1003,新木場,1,,
埼京線・川越線,快速,,,1003,川越,4,,
中央・総武線各駅停車,各駅停車,,,1005,三鷹,16,,
中央線快速,快速,,,1005,高尾,11,,
中央・総武線各駅停車,各駅停車,,,1006,津田沼,13,,
埼京線・川越線,各駅停車,,,1007,大宮,3,1,
中央線快速,快速,,,1007,青梅,12,,
中央・総武線各駅停車,各駅停車,,,1008,中野,16,,
埼京線・川越線,各駅停車,,,1010,池袋,4,,
中央線快速,快速,,,1010,立川,12,,
中央・総武線各駅停車,各駅停車,,,1011,千葉,13,,
中央線快速,快速,,,1012,八王子,12,,
中央・総武線各駅停車,各駅停車,,,1013,中野,16,,
埼京線・川越線,各駅停車,,,1015,大宮,2,1,
中央・総武線各駅停車,各駅停車,,,1015,津田沼,13,,
中央線快速,快速,,,1016,高尾,12,,
埼京線・川越線,各駅停車,,,1018,大宮,3,1,
中央・総武線各駅停車,各駅停車,,,1018,三鷹,16,,
中央・総武線各駅停車,各駅停車,,,1020,千葉,13,,
中央線快速,中央特快,,,1023,高尾,12,,
中央・総武線各駅停車,各駅停車,,,1024,中野,16,,
埼京線・川越線,快速,,,1025,川越,4,,
中央線快速,快速,,,1025,八王子,12,,
中央・総武線各駅停車,各駅停車,,,1026,津田沼,13,,
埼京線・川越線,通勤快速,,,1027,新木場,1,,
埼京線・川越線,各駅停車,,,1028,大宮,2,1,
中央・総武線各駅停車,各駅停車,,,1030,中野,16,,
中央線快速,特急,かいじ,103,1030,甲府,10,1,
中央本線,特急,かいじ,103,1030,甲府,10,1,
中央・総武線各駅停車,各駅停車,,,1031,千葉,13,,
中央線快速,快速,,,1031,豊田,12,,
埼京線・川越線,各駅停車,,,1033,大宮,3,,
中央・総武線各駅停車,各駅停車,,,1034,三鷹,16,,
中央・総武線各駅停車,各駅停車,,,1037,津田沼,13,,
中央線快速,青梅特快,,,1037,青梅,12,,
埼京線・川越線,各駅停車,,,1039,大宮,4,,
中央・総武線各駅停車,各駅停車,,,1039,中野,16,,
中央線快速,快速,,,1039,青梅,12,,
中央本線,快速,富士山,,1039,河口湖,7,1,1
中央・総武線各駅停車,各駅停車,,,1042,千葉,13,,
埼京線・川越線,快速,,,1043,川越,2,1,
中央・総武線各駅停車,各駅停車,,,1045,三鷹,16,,
中央線快速,中央特快,,,1045,高尾,12,,
中央線快速,快速,,,1047,高尾,12,,
中央・総武線各駅停車,各駅停車,,,1048,津田沼,13,,
中央・総武線各駅停車,各駅停車,,,1049,三鷹,16,,
中央線快速,快速,,,1049,八王子,12,,
埼京線・川越線,快速,,,1050,新木場,1,,
埼京線・川越線,各駅停車,,,1053,大宮,3,1,
中央・総武線各駅停車,各駅停車,,,1053,中野,16,,
中央・総武線各駅停車,各駅停車,,,1053,千葉,13,,
中央線快速,快速,,,1053,高尾,12,,
埼京線・川越線,各駅停車,,,1059,大宮,2,1,
中央・総武線各駅停車,各駅停車,,,1059,中野,16,,
中央・総武線各駅停車,各駅停車,,,1059,津田沼,13,,
中央線快速,特急,あずさ,13,1100,松本,9,1,
中央本線,特急,あずさ,13,1100,松本,9,1,
中央線快速,快速,,,1102,青梅,12,,
中央・総武線各駅停車,各駅停車,,,1104,三鷹,16,,
中央・総武線各駅停車,各駅停車,,,1104,千葉,13,,
埼京線・川越線,快速,,,1105,川越,4,,
埼京線・川越線,快速,,,1106,新木場,1,,
中央線快速,中央特快,,,1107,高尾,12,,
中央線快速,快速,,,1109,八王子,12,,
中央・総武線各駅停車,各駅停車,,,1110,中野,16,,
中央・総武線各駅停車,各駅停車,,,1110,津田沼,13,,
埼京線・川越線,各駅停車,,,1111,大宮,2,1,
中央線快速,快速,,,1112,立川,12,,
中央・総武線各駅停車,各駅停車,,,1115,中野,16,,
中央・総武線各駅停車,各駅停車,,,1115,千葉,13,,
中央線快速,快速,,,1116,立川,12,,
埼京線・川越線,各駅停車,,,1117,大宮,3,1,
中央・総武線各駅停車,各駅停車,,,1121,三鷹,16,,
中央・総武線各駅停車,各駅停車,,,1121,津田沼,13,,
中央線快速,中央特快,,,1121,高尾,12,,
中央線快速,快速,,,1124,青梅,12,,
埼京線・川越線,快速,,,1125,川越,4,,
埼京線・川越線,快速,,,1126,新木場,1,,
中央・総武線各駅停車,各駅停車,,,1126,中野,16,,
中央・総武線各駅停車,各駅停車,,,1126,千葉,13,,
中央線快速,特急,かいじ,105,1130,甲府,9,1,
中央本線,特急,かいじ,105,1130,甲府,9,1,
埼京線・川越線,各駅停車,,,1131,大宮,3,1,
中央線快速,快速,,,1131,豊田,12,,
中央・総武線各駅停車,各駅停車,,,1132,三鷹,16,,
中央・総武線各駅停車,各駅停車,,,1132,津田沼,13,,
埼京線・川越線,各駅停車,,,1135,大宮,2,1,
中央・総武線各駅停車,各駅停車,,,1137,中野,16,,
中央・総武線各駅停車,各駅停車,,,1137,千葉,13,,
中央線快速,中央特快,,,1137,高尾,12,,
中央線快速,快速,,,1139,高尾,12,,
中央・総武線各駅停車,各駅停車,,,1143,中野,16,,
中央・総武線各駅停車,各駅停車,,,1143,津田沼,13,,
中央線快速,中央特快,,,1144,高尾,12,,
埼京線・川越線,快速,,,1145,川越,4,,
中央線快速,快速,,,1146,豊田,12,,
中央・総武線各駅停車,各駅停車,,,1148,三鷹,16,,
中央・総武線各駅停車,各駅停車,,,1148,千葉,13,,
埼京線・川越線,快速,,,1150,新木場,2,,
埼京線・川越線,各駅停車,,,1151,大宮,3,1,
中央線快速,青梅特快,,,1152,青梅,12,,
中央・総武線各駅停車,各駅停車,,,1154,中野,16,,
中央・総武線各駅停車,各駅停車,,,1154,津田沼,13,,
中央線快速,快速,,,1154,八王子,12,,
埼京線・川越線,各駅停車,,,1157,大宮,2,1,
中央・総武線各駅停車,各駅停車,,,1159,中野,16,,
中央・総武線各駅停車,各駅停車,,,1159,千葉,13,,
中央線快速,特急,スーパーあずさ,15,1200,松本,10,1,
中央本線,特急,スーパーあずさ,15,1200,松本,10,1,
中央線快速,快速,,,1201,青梅,12,,
中央線快速,快速,,,1203,豊田,12,,
埼京線・川越線,快速,,,1205,川越,4,,
中央・総武線各駅停車,各駅停車,,,1205,三鷹,16,,
中央・総武線各駅停車,各駅停車,,,1205,津田沼,13,,
埼京線・川越線,快速,,,1206,新木場,1,,
中央・総武線各駅停車,各駅停車,,,1210,中野,16,,
中央・総武線各駅停車,各駅停車,,,1210,千葉,13,,
中央線快速,中央特快,,,1210,高尾,12,,
埼京線・川越線,各駅停車,,,1211,大宮,3,1,
中央線快速,快速,,,1212,八王子,12,,
中央・総武線各駅停車,各駅停車,,,1216,中野,16,,
中央・総武線各駅停車,各駅停車,,,1216,津田沼,13,,
埼京線・川越線,各駅停車,,,1217,大宮,2,1,
中央線快速,快速,,,1217,立川,12,,
中央・総武線各駅停車,各駅停車,,,1221,三鷹,16,,
中央・総武線各駅停車,各駅停車,,,1221,千葉,13,,
中央線快速,中央特快,,,1222,高尾,12,,
中央線快速,快速,,,1224,青梅,12,,
埼京線・川越線,快速,,,1225,新木場,1,,
埼京線・川越線,快速,,,1225,川越,4,,
中央・総武線各駅停車,各駅停車,,,1227,中野,16,,
中央・総武線各駅停車,各駅停車,,,1227,津田沼,13,,
中央線快速,特急,かいじ,107,1230,甲府,10,1,
中央本線,特急,かいじ,107,1230,甲府,10,1,
埼京線・川越線,各駅停車,,,1231,大宮,3,1,
中央線快速,快速,,,1231,豊田,12,,
中央・総武線各駅停車,各駅停車,,,1232,三鷹,16,,
中央・総武線各駅停車,各駅停車,,,1232,千葉,13,,
埼京線・川越線,各駅停車,,,1237,大宮,2,1,
中央・総武線各駅停車,各駅停車,,,1237,津田沼,13,,
中央線快速,中央特快,,,1237,高尾,12,,
中央・総武線各駅停車,各駅停車,,,1238,中野,16,,
中央線快速,快速,,,1239,高尾,12,,
中央・総武線各駅停車,各駅停車,,,1243,中野,16,,
中央・総武線各駅停車,各駅停車,,,1243,千葉,13,,
中央線快速,中央特快,,,1244,高尾,12,,
埼京線・川越線,快速,,,1245,川越,4,,
中央線快速,快速,,,1246,豊田,12,,
中央・総武線各駅停車,各駅停車,,,1249,三鷹,16,,
中央・総武線各駅停車,各駅停車,,,1249,津田沼,13,,
埼京線・川越線,快速,,,1250,新木場,1,,
埼京線・川越線,各駅停車,,,1251,大宮,3,1,
中央線快速,青梅特快,,,1252,青梅,12,,
中央・総武線各駅停車,各駅停車,,,1254,中野,16,,
中央・総武線各駅停車,各駅停車,,,1254,千葉,13,,
中央線快速,快速,,,1254,高尾,12,,
埼京線・川越線,各駅停車,,,1257,大宮,2,1,
中央・総武線各駅停車,各駅停車,,,1259,津田沼,13,,
中央・総武線各駅停車,各駅停車,,,1300,中野,16,,
中央線快速,特急,あずさ,17,1300,松本,9,1,
中央本線,特急,あずさ,17,1300,松本,9,1,
中央線快速,快速,,,1302,青梅,12,,
埼京線・川越線,快速,,,1305,川越,4,,
中央・総武線各駅停車,各駅停車,,,1305,三鷹,16,,
中央・総武線各駅停車,各駅停車,,,1305,千葉,13,,
埼京線・川越線,快速,,,1306,新木場,1,,
中央線快速,中央特快,,,1307,高尾,12,,
中央線快速,快速,,,1309,豊田,12,,
埼京線・川越線,各駅停車,,,1311,大宮,3,1,
中央・総武線各駅停車,各駅停車,,,1311,中野,16,,
中央・総武線各駅停車,各駅停車,,,1311,津田沼,13,,
中央線快速,快速,,,1312,立川,12,,
中央・総武線各駅停車,各駅停車,,,1316,中野,16,,
中央・総武線各駅停車,各駅停車,,,1316,千葉,13,,
中央線快速,快速,,,1316,八王子,12,,
埼京線・川越線,各駅停車,,,1317,大宮,2,1,
中央・総武線各駅停車,各駅停車,,,1322,三鷹,16,,
中央・総武線各駅停車,各駅停車,,,1322,津田沼,13,,
中央線快速,中央特快,,,1322,高尾,12,,
中央線快速,快速,,,1324,青梅,12,,
埼京線・川越線,快速,,,1325,新木場,1,,
埼京線・川越線,快速,,,1325,川越,4,,
中央・総武線各駅停車,各駅停車,,,1327,千葉,13,,
中央・総武線各駅停車,各駅停車,,,1328,中野,16,,
中央線快速,特急,かいじ,109,1330,甲府,9,1,
中央本線,特急,かいじ,109,1330,甲府,9,1,
埼京線・川越線,各駅停車,,,1331,大宮,3,1,
中央線快速,快速,,,1331,高尾,12,,
中央・総武線各駅停車,各駅停車,,,1333,三鷹,16,,
中央・総武線各駅停車,各駅停車,,,1333,津田沼,13,,
埼京線・川越線,各駅停車,,,1337,大宮,2,1,
中央線快速,中央特快,,,1337,大月,12,,
中央・総武線各駅停車,各駅停車,,,1338,中野,16,,
中央・総武線各駅停車,各駅停車,,,1338,千葉,13,,
中央線快速,快速,,,1339,高尾,12,,
中央・総武線各駅停車,各駅停車,,,1344,中野,16,,
中央・総武線各駅停車,各駅停車,,,1344,津田沼,13,,
中央線快速,中央特快,,,1344,大月,12,,
埼京線・川越線,快速,,,1345,川越,4,,
中央線快速,快速,,,1346,八王子,12,,
中央・総武線各駅停車,各駅停車,,,1349,三鷹,16,,
中央・総武線各駅停車,各駅停車,,,1349,千葉,13,,
埼京線・川越線,快速,,,1350,新木場,1,,
埼京線・川越線,各駅停車,,,1351,大宮,3,1,
中央線快速,青梅特快,,,1352,青梅,12,,
中央線快速,快速,,,1354,高尾,12,,
中央・総武線各駅停車,各駅停車,,,1355,中野,16,,
中央・総武線各駅停車,各駅停車,,,1355,津田沼,13,,
埼京線・川越線,各駅停車,,,1357,大宮,2,1,
中央・総武線各駅停車,各駅停車,,,1400,中野,16,,
中央・総武線各駅停車,各駅停車,,,1400,千葉,13,,
中央線快速,特急,スーパーあずさ,19,1400,松本,10,1,
中央本線,特急,スーパーあずさ,19,1400,松本,10,1,
中央線快速,快速,,,1402,青梅,12,,
埼京線・川越線,快速,,,1404,川越,4,,
埼京線・川越線,快速,,,1406,新木場,1,,
中央・総武線各駅停車,各駅停車,,,1406,三鷹,16,,
中央・総武線各駅停車,各駅停車,,,1406,津田沼,13,,
中央線快速,中央特快,,,1407,高尾,12,,
中央線快速,快速,,,1409,立川,12,,
埼京線・川越線,各駅停車,,,1411,大宮,3,1,
中央・総武線各駅停車,各駅停車,,,1411,中野,16,,
中央・総武線各駅停車,各駅停車,,,1411,千葉,13,,
中央線快速,快速,,,1412,八王子,12,,
埼京線・川越線,各駅停車,,,1417,大宮,2,1,
中央・総武線各駅停車,各駅停車,,,1417,津田沼,13,,
中央線快速,快速,,,1417,立川,12,,
中央・総武線各駅停車,各駅停車,,,1418,三鷹,16,,
中央・総武線各駅停車,各駅停車,,,1422,中野,16,,
中央・総武線各駅停車,各駅停車,,,1422,千葉,13,,
中央線快速,中央特快,,,1422,高尾,12,,
中央線快速,快速,,,1424,青梅,12,,
埼京線・川越線,快速,,,1425,新木場,1,,
埼京線・川越線,快速,,,1425,川越,4,,
中央・総武線各駅停車,各駅停車,,,1428,中野,16,,
中央・総武線各駅停車,各駅停車,,,1428,津田沼,13,,
中央線快速,特急,かじ,111,1430,甲府,9,1,
中央本線,特急,かいじ,111,1430,甲府,9,1,
埼京線・川越線,各駅停車,,,1431,大宮,3,1,
中央線快速,快速,,,1431,高尾,12,,
中央・総武線各駅停車,各駅停車,,,1433,三鷹,16,,
中央・総武線各駅停車,各駅停車,,,1433,千葉,13,,
埼京線・川越線,各駅停車,,,1435,大宮,2,1,
中央線快速,中央特快,,,1437,高尾,12,,
中央・総武線各駅停車,各駅停車,,,1439,中野,16,,
中央・総武線各駅停車,各駅停車,,,1439,千葉,13,,
中央線快速,快速,,,1439,高尾,12,,
中央・総武線各駅停車,各駅停車,,,1444,千葉,13,,
中央線快速,中央特快,,,1444,大月,12,,
埼京線・川越線,快速,,,1445,川越,4,,
中央・総武線各駅停車,各駅停車,,,1445,中野,16,,
中央線快速,快速,,,1446,八王子,12,,
埼京線・川越線,快速,,,1450,新木場,1,,
中央・総武線各駅停車,各駅停車,,,1450,三鷹,16,,
埼京線・川越線,各駅停車,,,1451,大宮,3,1,
中央・総武線各駅停車,各駅停車,,,1451,千葉,13,,
中央線快速,青梅特快,,,1452,青梅,12,,
中央線快速,快速,,,1454,高尾,12,,
中央・総武線各駅停車,各駅停車,,,1455,中野,16,,
埼京線・川越線,各駅停車,,,1457,大宮,2,1,
中央・総武線各駅停車,各駅停車,,,1457,津田沼,13,,
中央線快速,特急,あずさ,21,1500,松本,10,1,
中央本線,特急,あずさ,21,1500,松本,10,1,
中央・総武線各駅停車,各駅停車,,,1501,中野,16,,
中央・総武線各駅停車,各駅停車,,,1502,千葉,13,,
中央線快速,快速,,,1502,青梅,12,,
埼京線・川越線,快速,,,1505,川越,4,,
埼京線・川越線,快速,,,1506,新木場,1,,
中央・総武線各駅停車,各駅停車,,,1506,三鷹,16,,
中央線快速,中央特快,,,1507,高尾,12,,
中央・総武線各駅停車,各駅停車,,,1508,津田沼,13,,
中央線快速,快速,,,1509,八王子,12,,
埼京線・川越線,各駅停車,,,1511,大宮,3,1,
中央・総武線各駅停車,各駅停車,,,1511,中野,16,,
中央線快速,快速,,,1512,立川,12,,
中央・総武線各駅停車,各駅停車,,,1513,千葉,13,,
中央線快速,快速,,,1515,高尾,12,,
埼京線・川越線,各駅停車,,,1517,大宮,2,1,
中央・総武線各駅停車,各駅停車,,,1518,三鷹,16,,
中央・総武線各駅停車,各駅停車,,,1518,千葉,13,,
中央線快速,中央特快,,,1521,高尾,12,,
中央・総武線各駅停車,各駅停車,,,1523,津田沼,13,,
中央・総武線各駅停車,各駅停車,,,1524,中野,16,,
中央線快速,快速,,,1524,青梅,12,,
埼京線・川越線,快速,,,1525,新木場,1,,
埼京線・川越線,快速,,,1525,川越,4,,
中央・総武線各駅停車,各駅停車,,,1528,千葉,13,,
中央・総武線各駅停車,各駅停車,,,1530,中野,16,,
中央線快速,特急,かいじ,113,1530,甲府,10,,
中央本線,特急,かいじ,113,1530,甲府,10,,
埼京線・川越線,各駅停車,,,1531,大宮,3,1,
中央線快速,快速,,,1531,高尾,12,,
中央・総武線各駅停車,各駅停車,,,1533,津田沼,13,,
埼京線・川越線,各駅停車,,,1535,大宮,4,,
中央・総武線各駅停車,各駅停車,,,1535,三鷹,16,,
中央・総武線各駅停車,各駅停車,,,1537,千葉,13,,
中央線快速,中央特快,,,1537,高尾,12,,
中央線快速,快速,,,1539,高尾,12,,
中央・総武線各駅停車,各駅停車,,,1540,中野,16,,
中央・総武線各駅停車,各駅停車,,,1542,津田沼,13,,
埼京線・川越線,快速,,,1544,川越,2,1,
中央・総武線各駅停車,各駅停車,,,1545,中野,16,,
中央線快速,中央特快,,,1545,高尾,12,,
中央・総武線各駅停車,各駅停車,,,1547,千葉,13,,
中央線快速,快速,,,1547,青梅,12,,
埼京線・川越線,快速,,,1550,新木場,1,,
中央・総武線各駅停車,各駅停車,,,1550,三鷹,16,,
埼京線・川越線,各駅停車,,,1552,大宮,3,1,
中央・総武線各駅停車,各駅停車,,,1552,千葉,13,,
中央線快速,中央特快,,,1552,高尾,12,,
中央・総武線各駅停車,各駅停車,,,1555,中野,16,,
中央線快速,快速,,,1555,豊田,12,,
埼京線・川越線,各駅停車,,,1557,大宮,2,1,
中央・総武線各駅停車,各駅停車,,,1557,千葉,13,,
中央線快速,特急,スーパーあずさ,23,1600,松本,10,1,
中央本線,特急,スーパーあずさ,23,1600,松本,10,1,
中央・総武線各駅停車,各駅停車,,,1601,三鷹,16,,
埼京線・川越線,快速,,,1602,川越,4,,
中央・総武線各駅停車,各駅停車,,,1602,津田沼,13,,
中央線快速,快速,,,1602,高尾,12,,
埼京線・川越線,快速,,,1605,新木場,1,,
埼京線・川越線,各駅停車,,,1605,大宮,3,1,
中央・総武線各駅停車,各駅停車,,,1607,中野,16,,
中央・総武線各駅停車,各駅停車,,,1607,千葉,13,,
中央線快速,中央特快,,,1607,高尾,12,,
中央線快速,快速,,,1609,高尾,12,,
中央・総武線各駅停車,各駅停車,,,1611,千葉,13,,
中央・総武線各駅停車,各駅停車,,,1612,三鷹,16,,
中央線快速,快速,,,1612,高尾,12,,
埼京線・川越線,各駅停車,,,1616,大宮,2,1,
中央・総武線各駅停車,各駅停車,,,1616,千葉,13,,
中央・総武線各駅停車,各駅停車,,,1618,中野,16,,
中央線快速,中央特快,,,1618,高尾,12,,
中央線快速,快速,,,1620,高尾,12,,
中央・総武線各駅停車,各駅停車,,,1621,津田沼,13,,
中央・総武線各駅停車,各駅停車,,,1622,三鷹,16,,
埼京線・川越線,快速,,,1625,新木場,1,,
埼京線・川越線,快速,,,1625,川越,4,,
中央線快速,快速,,,1625,豊田,12,,
中央・総武線各駅停車,各駅停車,,,1626,千葉,13,,
埼京線・川越線,各駅停車,,,1627,大宮,2,1,
中央・総武線各駅停車,各駅停車,,,1627,中野,16,,
中央線快速,特急,かいじ,115,1630,甲府,10,,
中央本線,特急,かいじ,115,1630,甲府,10,,
中央・総武線各駅停車,各駅停車,,,1631,津田沼,13,,
中央線快速,快速,,,1631,青梅,12,,
埼京線・川越線,各駅停車,,,1636,大宮,2,1,
中央・総武線各駅停車,各駅停車,,,1636,三鷹,16,,
中央・総武線各駅停車,各駅停車,,,1636,千葉,13,,
中央線快速,快速,,,1636,高尾,12,,
埼京線・川越線,各駅停車,,,1637,新木場,1,,
中央・総武線各駅停車,各駅停車,,,1637,中野,16,,
中央・総武線各駅停車,各駅停車,,,1641,三鷹,16,,
中央・総武線各駅停車,各駅停車,,,1641,津田沼,13,,
中央線快速,快速,,,1641,高尾,12,,
埼京線・川越線,快速,,,1644,川越,4,,
中央線快速,中央特快,,,1644,高尾,12,,
中央・総武線各駅停車,各駅停車,,,1645,三鷹,16,,
中央・総武線各駅停車,各駅停車,,,1645,千葉,13,,
埼京線・川越線,各駅停車,,,1647,大宮,2,1,
中央線快速,快速,,,1647,青梅,12,,
中央・総武線各駅停車,各駅停車,,,1649,中野,16,,
中央線快速,快速,,,1649,八王子,12,,
中央・総武線各駅停車,各駅停車,,,1650,西船橋,13,,
埼京線・川越線,各駅停車,,,1651,新木場,1,,
中央線快速,快速,,,1651,立川,12,,
中央・総武線各駅停車,各駅停車,,,1653,三鷹,16,,
中央・総武線各駅停車,各駅停車,,,1654,千葉,13,,
中央線快速,快速,,,1655,大月,12,,
埼京線・川越線,各駅停車,,,1656,大宮,3,1,
中央・総武線各駅停車,各駅停車,,,1658,三鷹,16,,
中央・総武線各駅停車,各駅停車,,,1658,千葉,13,,
中央線快速,特急,あずさ,25,1700,松本,10,,
中央本線,特急,あずさ,25,1700,松本,10,,
埼京線・川越線,通勤快速,,,1701,川越,4,,
埼京線・川越線,各駅停車,,,1702,新木場,1,,
中央・総武線各駅停車,各駅停車,,,1702,西船橋,13,,
中央線快速,快速,,,1702,高尾,12,,
中央・総武線各駅停車,各駅停車,,,1703,中野,16,,
埼京線・川越線,快速,,,1706,新木場,1,,
埼京線・川越線,各駅停車,,,1706,大宮,4,,
中央線快速,快速,,,1706,高尾,12,,
中央・総武線各駅停車,各駅停車,,,1707,千葉,13,,
中央・総武線各駅停車,各駅停車,,,1708,三鷹,16,,
中央線快速,快速,,,1710,青梅,12,,
中央・総武線各駅停車,各駅停車,,,1711,千葉,13,,
埼京線・川越線,各駅停車,,,1712,新木場,1,,
埼京線・川越線,各駅停車,,,1712,赤羽,2,1,
中央・総武線各駅停車,各駅停車,,,1713,三鷹,16,,
中央線快速,快速,,,1714,立川,12,,
埼京線・川越線,各駅停車,,,1715,川越,4,,
中央・総武線各駅停車,各駅停車,,,1716,千葉,13,,
中央線快速,快速,,,1716,八王子,12,,
中央・総武線各駅停車,各駅停車,,,1718,中野,16,,
埼京線・川越線,通勤快速,,,1720,川越,4,,
中央・総武線各駅停車,各駅停車,,,1720,西船橋,13,,
中央・総武線各駅停車,各駅停車,,,1722,三鷹,16,,
中央線快速,通勤快速,,,1722,高尾,12,,
中央・総武線各駅停車,各駅停車,,,1723,千葉,13,,
埼京線・川越線,快速,,,1724,新木場,1,,
埼京線・川越線,各駅停車,,,1725,大宮,2,1,
中央線快速,快速,,,1725,高尾,12,,
中央・総武線各駅停車,各駅停車,,,1726,三鷹,16,,
中央・総武線各駅停車,各駅停車,,,1726,津田沼,13,,
中央線快速,快速,,,1727,豊田,12,,
埼京線・川越線,各駅停車,,,1729,新木場,1,,
中央・総武線各駅停車,各駅停車,,,1729,西船橋,13,,
埼京線・川越線,各駅停車,,,1730,大宮,3,1,
中央・総武線各駅停車,各駅停車,,,1730,中野,16,,
中央線快速,特急,あずさ,27,1730,松本,9,1,
中央本線,特急,あずさ,27,1730,松本,9,1,
中央・総武線各駅停車,各駅停車,,,1732,千葉,13,,
中央線快速,快速,,,1732,武蔵小金井,12,,
中央・総武線各駅停車,各駅停車,,,1734,三鷹,16,,
埼京線・川越線,各駅停車,,,1735,大宮,4,,
中央・総武線各駅停車,各駅停車,,,1735,津田沼,13,,
中央線快速,通勤快速,,,1736,青梅,12,,
中央・総武線各駅停車,各駅停車,,,1737,中野,16,,
中央・総武線各駅停車,各駅停車,,,1738,津田沼,13,,
中央線快速,快速,,,1738,青梅,12,,
中央線快速,快速,,,1740,高尾,12,,
埼京線・川越線,通勤快速,,,1741,川越,3,1,
中央・総武線各駅停車,各駅停車,,,1741,三鷹,16,,
中央・総武線各駅停車,各駅停車,,,1741,千葉,13,,
中央線快速,快速,,,1743,立川,12,,
中央・総武線各駅停車,各駅停車,,,1744,西船橋,13,,
中央・総武線各駅停車,各駅停車,,,1745,三鷹,16,,
埼京線・川越線,各駅停車,,,1746,大宮,2,1,
中央線快速,通勤快速,,,1746,高尾,12,,
中央・総武線各駅停車,各駅停車,,,1747,千葉,13,,
埼京線・川越線,各駅停車,,,1749,新木場,1,,
中央線快速,快速,,,1749,武蔵小金井,12,,
中央・総武線各駅停車,各駅停車,,,1750,津田沼,13,,
中央・総武線各駅停車,各駅停車,,,1751,三鷹,16,,
中央線快速,快速,,,1751,高尾,12,,
埼京線・川越線,各駅停車,,,1752,赤羽,3,,
中央・総武線各駅停車,各駅停車,,,1753,千葉,13,,
中央線快速,快速,,,1754,高尾,12,,
埼京線・川越線,各駅停車,,,1755,新木場,1,,
中央・総武線各駅停車,各駅停車,,,1756,中野,16,,
中央・総武線各駅停車,各駅停車,,,1756,西船橋,13,,
埼京線・川越線,各駅停車,,,1757,大宮,2,1,
中央線快速,快速,,,1758,青梅,12,,
中央・総武線各駅停車,各駅停車,,,1759,千葉,13,,
埼京線・川越線,通勤快速,,,1800,川越,4,,
中央線快速,特急,スーパーあずさ,29,1800,松本,10,1,
中央本線,特急,スーパーあずさ,29,1800,松本,10,1,
中央・総武線各駅停車,各駅停車,,,1801,中野,16,,
中央線快速,快速,,,1802,大月,12,,
中央・総武線各駅停車,各駅停車,,,1803,千葉,13,,
中央・総武線各駅停車,各駅停車,,,1804,三鷹,16,,
中央線快速,快速,,,1804,武蔵小金井,12,,
埼京線・川越線,各駅停車,,,1806,新木場,1,,
中央・総武線各駅停車,各駅停車,,,1806,千葉,13,,
中央線快速,通勤快速,,,1807,高尾,12,,
埼京線・川越線,各駅停車,,,1808,大宮,2,1,
中央・総武線各駅停車,各駅停車,,,1809,三鷹,16,,
中央・総武線各駅停車,各駅停車,,,1809,千葉,13,,
中央線快速,快速,,,1809,高尾,12,,
中央線快速,快速,,,1811,武蔵五日市,12,,
中央線快速,快速,,,1811,箱根ケ崎,12,,
中央・総武線各駅停車,各駅停車,,,1812,中野,16,,
中央・総武線各駅停車,各駅停車,,,1812,西船橋,13,,
埼京線・川越線,各駅停車,,,1813,赤羽,4,,
埼京線・川越線,各駅停車,,,1814,新木場,1,,
中央・総武線各駅停車,各駅停車,,,1815,千葉,13,,
中央線快速,ライナー,青梅ライナー,1,1815,青梅,10,,
中央本線,青梅ライナー,,1,1815,青梅,10,,
中央・総武線各駅停車,各駅停車,,,1816,三鷹,16,,
埼京線・川越線,各駅停車,,,1817,大宮,2,1,
中央線快速,快速,,,1817,豊田,12,,
中央・総武線各駅停車,各駅停車,,,1818,津田沼,13,,
埼京線・川越線,通勤快速,,,1820,川越,4,,
中央・総武線各駅停車,各駅停車,,,1820,西船橋,13,,
中央線快速,快速,,,1820,高尾,11,,
中央・総武線各駅停車,各駅停車,,,1821,三鷹,16,,
中央・総武線各駅停車,各駅停車,,,1823,千葉,13,,
中央線快速,通勤快速,,,1823,河口湖,12,,
埼京線・川越線,各駅停車,,,1825,新木場,1,,
埼京線・川越線,各駅停車,,,1825,大宮,2,1,
中央・総武線各駅停車,各駅停車,,,1825,中野,16,,
中央線快速,快速,,,1825,武蔵小金井,11,,
中央・総武線各駅停車,各駅停車,,,1827,千葉,13,,
中央線快速,快速,,,1827,青梅,12,,
埼京線・川越線,各駅停車,,,1828,大宮,3,,
中央・総武線各駅停車,各駅停車,,,1830,中野,16,,
中央線快速,特急,かいじ,117,1830,竜王,9,1,
中央本線,特急,かいじ,117,1830,竜王,9,1,
中央・総武線各駅停車,各駅停車,,,1831,西船橋,13,,
中央線快速,快速,,,1832,八王子,11,,
中央・総武線各駅停車,各駅停車,,,1833,三鷹,16,,
中央・総武線各駅停車,各駅停車,,,1834,千葉,13,,
中央線快速,快速,,,1835,豊田,12,,
埼京線・川越線,各駅停車,,,1836,新木場,1,,
埼京線・川越線,各駅停車,,,1836,川越,2,1,
中央・総武線各駅停車,各駅停車,,,1836,中野,16,,
中央線快速,通勤快速,,,1837,高尾,11,,
中央・総武線各駅停車,各駅停車,,,1838,津田沼,13,,
中央線快速,快速,,,1839,青梅,12,,
中央・総武線各駅停車,各駅停車,,,1840,三鷹,16,,
埼京線・川越線,通勤快速,,,1841,川越,3,,
中央・総武線各駅停車,各駅停車,,,1841,千葉,13,,
中央線快速,快速,,,1842,豊田,11,,
埼京線・川越線,各駅停車,,,1843,新木場,1,,
中央・総武線各駅停車,各駅停車,,,1843,中野,16,,
埼京線・川越線,各駅停車,,,1845,大宮,2,1,
中央線快速,ライナー,中央ライナー,1,1845,高尾,10,,
中央本線,中央ライナー,,1,1845,高尾,10,,
中央・総武線各駅停車,各駅停車,,,1846,千葉,13,,
中央線快速,快速,,,1847,立川,12,,
中央・総武線各駅停車,各駅停車,,,1848,三鷹,16,,
中央線快速,通勤快速,,,1850,高尾,11,,
埼京線・川越線,各駅停車,,,1851,大宮,3,,
中央・総武線各駅停車,各駅停車,,,1851,津田沼,13,,
中央・総武線各駅停車,各駅停車,,,1852,三鷹,16,,
中央線快速,快速,,,1852,高尾,12,,
埼京線・川越線,各駅停車,,,1855,新木場,1,,
中央・総武線各駅停車,各駅停車,,,1855,中野,16,,
埼京線・川越線,各駅停車,,,1856,武蔵浦和,2,1,
中央・総武線各駅停車,各駅停車,,,1856,千葉,13,,
中央線快速,快速,,,1856,青梅,11,,
中央・総武線各駅停車,各駅停車,,,1900,三鷹,16,,
中央・総武線各駅停車,各駅停車,,,1900,千葉,13,,
中央線快速,特急,あずさ,31,1900,松本,9,1,
中央本線,特急,あずさ,31,1900,松本,9,1,
中央線快速,快速,,,1901,青梅,12,,
埼京線・川越線,通勤快速,,,1902,川越,3,,
埼京線・川越線,各駅停車,,,1903,新木場,1,,
中央・総武線各駅停車,各駅停車,,,1904,津田沼,13,,
埼京線・川越線,各駅停車,,,1905,大宮,2,1,
中央・総武線各駅停車,各駅停車,,,1905,三鷹,16,,
中央線快速,快速,,,1905,高尾,11,,
中央・総武線各駅停車,各駅停車,,,1908,千葉,13,,
中央線快速,通勤快速,,,1908,大月,12,,
中央・総武線各駅停車,各駅停車,,,1909,三鷹,16,,
埼京線・川越線,各駅停車,,,1910,大宮,3,,
中央線快速,快速,,,1911,高尾,11,,
中央・総武線各駅停車,各駅停車,,,1912,津田沼,13,,
埼京線・川越線,各駅停車,,,1913,新木場,1,,
中央・総武線各駅停車,各駅停車,,,1913,中野,16,,
埼京線・川越線,各駅停車,,,1915,武蔵浦和,2,1,
中央線快速,ライナー,中央ライナー,3,1915,高尾,10,,
中央本線,中央ライナー,,3,1915,高尾,10,,
中央線快速,快速,,,1916,青梅,12,,
中央・総武線各駅停車,各駅停車,,,1917,三鷹,16,,
中央・総武線各駅停車,各駅停車,,,1917,千葉,13,,
中央線快速,快速,,,1918,高尾,11,,
埼京線・川越線,通勤快速,,,1921,川越,4,,
中央・総武線各駅停車,各駅停車,,,1921,三鷹,16,,
中央線快速,快速,,,1921,青梅,12,,
中央・総武線各駅停車,各駅停車,,,1922,津田沼,13,,
中央線快速,通勤快速,,,1924,河口湖,11,,
埼京線・川越線,各駅停車,,,1926,大宮,2,1,
中央・総武線各駅停車,各駅停車,,,1926,三鷹,16,,
埼京線・川越線,各駅停車,,,1927,新木場,1,,
中央・総武線各駅停車,各駅停車,,,1927,千葉,13,,
中央線快速,快速,,,1927,武蔵五日市,12,,
中央線快速,快速,,,1927,高麗川,12,,
埼京線・川越線,各駅停車,,,1929,大宮,4,,
中央・総武線各駅停車,各駅停車,,,1930,三鷹,16,,
中央線快速,特急,かいじ,119,1930,竜王,9,1,
中央本線,特急,かいじ,119,1930,竜王,9,1,
中央線快速,快速,,,1932,立川,12,,
中央・総武線各駅停車,各駅停車,,,1933,千葉,13,,
中央・総武線各駅停車,各駅停車,,,1934,三鷹,16,,
埼京線・川越線,各駅停車,,,1935,新木場,1,,
埼京線・川越線,各駅停車,,,1935,川越,2,1,
中央線快速,快速,,,1936,豊田,12,,
中央・総武線各駅停車,各駅停車,,,1937,津田沼,13,,
中央・総武線各駅停車,各駅停車,,,1939,中野,16,,
中央線快速,通勤快速,,,1939,高尾,12,,
埼京線・川越線,通勤快速,,,1941,川越,3,,
中央・総武線各駅停車,各駅停車,,,1942,千葉,13,,
中央線快速,快速,,,1942,高尾,12,,
中央・総武線各駅停車,各駅停車,,,1943,三鷹,16,,
中央線快速,快速,,,1945,立川,12,,
埼京線・川越線,各駅停車,,,1946,大宮,2,1,
埼京線・川越線,各駅停車,,,1947,新木場,1,,
中央・総武線各駅停車,各駅停車,,,1947,三鷹,16,,
中央・総武線各駅停車,各駅停車,,,1947,千葉,13,,
中央線快速,通勤快速,,,1948,大月,12,,
埼京線・川越線,各駅停車,,,1951,大宮,4,,
中央・総武線各駅停車,各駅停車,,,1951,中野,16,,
中央・総武線各駅停車,各駅停車,,,1952,津田沼,13,,
中央線快速,快速,,,1952,高尾,12,,
中央・総武線各駅停車,各駅停車,,,1955,三鷹,16,,
中央線快速,快速,,,1956,青梅,12,,
中央・総武線各駅停車,各駅停車,,,1957,千葉,13,,
中央・総武線各駅停車,各駅停車,,,1958,中野,16,,
中央線快速,特急,あずさ,33,2000,松本,10,1,
中央本線,特急,スーパーあずさ,33,2000,松本,10,1,
埼京線・川越線,通勤快速,,,2001,新木場,1,,
埼京線・川越線,通勤快速,,,2001,川越,2,1,
中央線快速,快速,,,2001,大月,12,,
中央・総武線各駅停車,各駅停車,,,2002,千葉,13,,
中央・総武線各駅停車,各駅停車,,,2004,三鷹,16,,
埼京線・川越線,各駅停車,,,2005,大宮,4,,
中央線快速,快速,,,2005,豊田,12,,
中央・総武線各駅停車,各駅停車,,,2006,津田沼,13,,
中央・総武線各駅停車,各駅停車,,,2008,中野,16,,
中央線快速,通勤快速,,,2008,高尾,12,,
埼京線・川越線,各駅停車,,,2010,新木場,1,,
中央・総武線各駅停車,各駅停車,,,2010,千葉,13,,
埼京線・川越線,各駅停車,,,2011,赤羽,4,,
中央線快速,快速,,,2011,高尾,12,,
中央・総武線各駅停車,各駅停車,,,2012,三鷹,16,,
埼京線・川越線,各駅停車,,,2014,川越,3,1,
中央・総武線各駅停車,各駅停車,,,2015,津田沼,13,,
中央線快速,ライナー,青梅ライナー,3,2015,青梅,10,,
中央本線,青梅ライナー,,3,2015,青梅,10,,
中央・総武線各駅停車,各駅停車,,,2017,三鷹,16,,
中央線快速,快速,,,2017,青梅,12,,
中央・総武線各駅停車,各駅停車,,,2019,千葉,13,,
埼京線・川越線,通勤快速,,,2020,川越,2,1,
中央線快速,快速,,,2020,高尾,12,,
中央・総武線各駅停車,各駅停車,,,2021,中野,16,,
埼京線・川越線,通勤快速,,,2023,新木場,1,,
中央線快速,通勤快速,,,2023,高尾,12,,
中央・総武線各駅停車,各駅停車,,,2024,千葉,13,,
中央・総武線各駅停車,各駅停車,,,2025,三鷹,16,,
中央線快速,快速,,,2025,高尾,12,,
埼京線・川越線,各駅停車,,,2026,大宮,4,,
中央・総武線各駅停車,各駅停車,,,2028,中野,16,,
中央・総武線各駅停車,各駅停車,,,2028,津田沼,13,,
中央線快速,快速,,,2029,豊田,12,,
中央本線,特急,かいじ,187,2030,甲府,9,1,1
埼京線・川越線,各駅停車,,,2031,赤羽,3,1,
中央・総武線各駅停車,各駅停車,,,2032,三鷹,16,,
中央線快速,快速,,,2032,豊田,12,,
中央・総武線各駅停車,各駅停車,,,2033,千葉,13,,
埼京線・川越線,各駅停車,,,2034,川越,4,,
中央線快速,通勤快速,,,2035,青梅,12,,
中央・総武線各駅停車,各駅停車,,,2037,中野,16,,
中央・総武線各駅停車,各駅停車,,,2037,津田沼,13,,
中央線快速,快速,,,2038,高尾,12,,
埼京線・川越線,各駅停車,,,2040,新木場,1,,
埼京線・川越線,通勤快速,,,2040,川越,2,1,
中央・総武線各駅停車,各駅停車,,,2041,三鷹,16,,
中央線快速,快速,,,2041,武蔵小金井,12,,
中央・総武線各駅停車,各駅停車,,,2042,千葉,13,,
中央線快速,快速,,,2044,高尾,12,,
埼京線・川越線,各駅停車,,,2045,大宮,3,1,
中央・総武線各駅停車,各駅停車,,,2047,中野,16,,
中央・総武線各駅停車,各駅停車,,,2047,津田沼,13,,
中央線快速,快速,,,2047,八王子,12,,
埼京線・川越線,各駅停車,,,2049,新木場,1,,
埼京線・川越線,各駅停車,,,2050,大宮,4,,
中央線快速,通勤快速,,,2050,高尾,12,,
中央・総武線各駅停車,各駅停車,,,2052,千葉,13,,
中央・総武線各駅停車,各駅停車,,,2053,三鷹,16,,
中央線快速,快速,,,2055,青梅,12,,
埼京線・川越線,通勤快速,,,2057,新木場,1,,
埼京線・川越線,各駅停車,,,2057,武蔵浦和,2,1,
中央・総武線各駅停車,各駅停車,,,2057,中野,16,,
中央・総武線各駅停車,各駅停車,,,2057,千葉,13,,
中央線快速,特急,あずさ,35,2100,松本,9,1,
中央本線,特急,あずさ,35,2100,松本,9,1,
埼京線・川越線,通勤快速,,,2101,川越,3,1,
中央線快速,快速,,,2101,八王子,12,,
中央・総武線各駅停車,各駅停車,,,2102,三鷹,16,,
中央・総武線各駅停車,各駅停車,,,2102,津田沼,13,,
中央線快速,通勤快速,,,2105,高尾,12,,
埼京線・川越線,各駅停車,,,2106,大宮,4,,
中央・総武線各駅停車,各駅停車,,,2107,三鷹,16,,
中央・総武線各駅停車,各駅停車,,,2107,千葉,13,,
中央線快速,快速,,,2107,高尾,12,,
中央・総武線各駅停車,各駅停車,,,2110,中野,16,,
埼京線・川越線,各駅停車,,,2111,新木場,1,,
中央線快速,快速,,,2111,豊田,12,,
中央・総武線各駅停車,各駅停車,,,2112,千葉,13,,
埼京線・川越線,各駅停車,,,2114,川越,4,,
中央・総武線各駅停車,各駅停車,,,2114,三鷹,16,,
中央線快速,ライナー,中央ライナー,5,2115,高尾,10,,
中央本線,中央ライナー,,5,2115,高尾,10,,
中央・総武線各駅停車,各駅停車,,,2117,津田沼,13,,
中央線快速,快速,,,2117,豊田,12,,
中央・総武線各駅停車,各駅停車,,,2118,中野,16,,
中央線快速,特急,成田エクスプレス,50,2119,高尾,6,,
中央本線,特急,成田エクスプレス,50,2119,高尾,6,,
埼京線・川越線,通勤快速,,,2120,川越,3,1,
中央・総武線各駅停車,各駅停車,,,2122,中野,16,,
中央・総武線各駅停車,各駅停車,,,2122,千葉,13,,
中央線快速,快速,,,2122,青梅,12,,
埼京線・川越線,各駅停車,,,2124,新木場,1,,
中央線快速,通勤快速,,,2125,高尾,12,,
中央・総武線各駅停車,各駅停車,,,2126,三鷹,16,,
埼京線・川越線,各駅停車,,,2127,大宮,3,,
中央・総武線各駅停車,各駅停車,,,2127,千葉,13,,
中央線快速,快速,,,2128,高尾,12,,
埼京線・川越線,各駅停車,,,2131,赤羽,2,1,
中央・総武線各駅停車,各駅停車,,,2131,中野,16,,
中央・総武線各駅停車,各駅停車,,,2133,千葉,13,,
中央線快速,快速,,,2133,立川,12,,
埼京線・川越線,各駅停車,,,2135,川越,4,,
中央・総武線各駅停車,各駅停車,,,2135,三鷹,16,,
中央線快速,通勤快速,,,2136,高尾,12,,
埼京線・川越線,通勤快速,,,2137,新木場,1,,
中央・総武線各駅停車,各駅停車,,,2139,三鷹,16,,
中央・総武線各駅停車,各駅停車,,,2139,津田沼,13,,
埼京線・川越線,通勤快速,,,2140,川越,3,,
中央線快速,快速,,,2142,青梅,12,,
中央・総武線各駅停車,各駅停車,,,2143,中野,16,,
埼京線・川越線,各駅停車,,,2145,大宮,2,1,
中央・総武線各駅停車,各駅停車,,,2145,千葉,13,,
中央線快速,ライナー,青梅ライナー,5,2145,青梅,9,,
中央本線,青梅ライナー,,5,2145,青梅,9,,
埼京線・川越線,各駅停車,,,2146,新木場,1,,
中央線快速,快速,,,2146,豊田,12,,
中央・総武線各駅停車,各駅停車,,,2148,三鷹,16,,
中央線快速,通勤快速,,,2149,高尾,12,,
埼京線・川越線,各駅停車,,,2150,川越,4,,
中央・総武線各駅停車,各駅停車,,,2151,津田沼,13,,
中央線快速,快速,,,2152,高尾,12,,
中央・総武線各駅停車,各駅停車,,,2153,中野,16,,
埼京線・川越線,各駅停車,,,2155,大宮,3,1,
埼京線・川越線,各駅停車,,,2156,新木場,2,,
中央線快速,快速,,,2156,豊田,12,,
中央・総武線各駅停車,各駅停車,,,2157,千葉,13,,
中央・総武線各駅停車,各駅停車,,,2158,三鷹,16,,
中央線快速,特急,かいじ,121,2200,甲府,9,,
中央本線,特急,かいじ,121,2200,甲府,9,,
埼京線・川越線,各駅停車,,,2202,川越,3,,
中央線快速,快速,,,2202,立川,12,,
中央・総武線各駅停車,各駅停車,,,2203,千葉,13,,
中央・総武線各駅停車,各駅停車,,,2204,武蔵小金井,16,,
埼京線・川越線,各駅停車,,,2205,新木場,1,,
中央線快速,通勤快速,,,2205,高尾,12,,
埼京線・川越線,各駅停車,,,2208,大宮,4,,
中央線快速,快速,,,2208,高尾,12,,
中央・総武線各駅停車,各駅停車,,,2209,津田沼,13,,
中央・総武線各駅停車,各駅停車,,,2210,中野,16,,
中央線快速,特急,成田エクスプレス,52,2211,高尾,6,,
中央本線,特急,成田エクスプレス,52,2211,高尾,6,,
中央線快速,快速,,,2214,青梅,12,,
埼京線・川越線,各駅停車,,,2215,新木場,2,,
中央・総武線各駅停車,各駅停車,,,2215,武蔵小金井,16,,
中央・総武線各駅停車,各駅停車,,,2216,千葉,13,,
埼京線・川越線,通勤快速,,,2219,川越,1,1,
中央線快速,中央特快,,,2219,高尾,12,,
中央線快速,快速,,,2221,立川,12,,
埼京線・川越線,各駅停車,,,2222,川越,4,,
中央・総武線各駅停車,各駅停車,,,2222,三鷹,16,,
中央・総武線各駅停車,各駅停車,,,2223,津田沼,13,,
中央線快速,快速,,,2224,高尾,12,,
埼京線・川越線,各駅停車,,,2227,新木場,1,,
埼京線・川越線,各駅停車,,,2229,赤羽,3,1,
中央・総武線各駅停車,各駅停車,,,2229,千葉,13,,
中央線快速,中央特快,,,2229,高尾,12,,
中央・総武線各駅停車,各駅停車,,,2231,武蔵小金井,16,,
中央線快速,快速,,,2232,青梅,12,,
埼京線・川越線,各駅停車,,,2235,川越,4,,
中央・総武線各駅停車,各駅停車,,,2236,津田沼,13,,
中央・総武線各駅停車,各駅停車,,,2238,立川,16,,
埼京線・川越線,各駅停車,,,2239,新木場,1,,
中央線快速,快速,,,2239,立川,12,,
埼京線・川越線,通勤快速,,,2241,川越,3,1,
中央・総武線各駅停車,各駅停車,,,2242,千葉,13,,
中央・総武線各駅停車,各駅停車,,,2245,三鷹,16,,
中央線快速,ライナー,中央ライナー,7,2245,八王子,9,,
中央本線,中央ライナー,,7,2245,八王子,9,,
中央線快速,快速,,,2246,高尾,12,,
埼京線・川越線,各駅停車,,,2248,大宮,4,,
埼京線・川越線,各駅停車,,,2250,新木場,1,,
中央・総武線各駅停車,各駅停車,,,2250,三鷹,16,,
中央・総武線各駅停車,各駅停車,,,2251,東京,13,,
中央線快速,中央特快,,,2251,高尾,12,,
中央線快速,快速,,,2254,豊田,12,,
埼京線・川越線,各駅停車,,,2256,川越,4,,
中央・総武線各駅停車,各駅停車,,,2256,三鷹,16,,
中央・総武線各駅停車,各駅停車,,,2300,東京,13,,
中央線快速,特急,かいじ,123,2300,甲府,10,,
中央本線,特急,かいじ,123,2300,甲府,10,,
埼京線・川越線,各駅停車,,,2301,大宮,,1,1
中央線快速,快速,,,2301,高尾,12,,
中央・総武線各駅停車,各駅停車,,,2302,中野,16,,
埼京線・川越線,各駅停車,,,2303,新木場,1,,
中央線快速,中央特快,,,2306,高尾,12,,
埼京線・川越線,各駅停車,,,2307,川越,4,,
中央・総武線各駅停車,各駅停車,,,2307,東京,13,,
中央線快速,快速,,,2308,高尾,12,,
中央・総武線各駅停車,各駅停車,,,2309,立川,16,,
埼京線・川越線,各駅停車,,,2310,大宮,,1,1
中央・総武線各駅停車,各駅停車,,,2314,東京,13,,
中央線快速,ライナー,中央ライナー,9,2315,高尾,9,,
中央本線,中央ライナー,,9,2315,高尾,9,,
埼京線・川越線,各駅停車,,,2316,川越,1,1,
中央・総武線各駅停車,各駅停車,,,2316,豊田,16,,
中央線快速,快速,,,2316,豊田,12,,
埼京線・川越線,各駅停車,,,2317,新木場,2,,
中央・総武線各駅停車,各駅停車,,,2320,東京,13,,
埼京線・川越線,各駅停車,,,2322,赤羽,4,,
中央線快速,快速,,,2323,高尾,12,,
中央・総武線各駅停車,各駅停車,,,2326,立川,16,,
中央線快速,中央特快,,,2327,高尾,12,,
埼京線・川越線,各駅停車,,,2329,大宮,3,1,
中央・総武線各駅停車,各駅停車,,,2330,東京,13,,
埼京線・川越線,各駅停車,,,2331,大崎,1,,
中央・総武線各駅停車,各駅停車,,,2333,豊田,16,,
中央線快速,快速,,,2333,豊田,11,1,
中央・総武線各駅停車,各駅停車,,,2338,東京,13,,
埼京線・川越線,各駅停車,,,2339,大宮,4,,
中央・総武線各駅停車,各駅停車,,,2339,豊田,16,,
中央線快速,快速,,,2340,高尾,12,,
埼京線・川越線,各駅停車,,,2343,大宮,,1,1
中央・総武線各駅停車,各駅停車,,,2345,三鷹,16,,
中央線快速,中央特快,,,2345,大月,12,,
中央・総武線各駅停車,各駅停車,,,2346,東京,13,,
埼京線・川越線,通勤快速,,,2347,川越,4,,
埼京線・川越線,各駅停車,,,2351,大宮,,1,1
中央・総武線各駅停車,各駅停車,,,2351,武蔵小金井,16,,
中央・総武線各駅停車,各駅停車,,,2353,東京,13,,
中央本線,快速,ムーンライト信州,81,2354,白馬,9,1,1
埼京線・川越線,各駅停車,,,2355,川越,1,1,
中央線快速,快速,,,2356,豊田,12,,
中央・総武線各駅停車,各駅停車,,,2358,青梅,16,,
中央・総武線各駅停車,各駅停車,,,2400,東京,13,,
中央線快速,快速,,,2406,国分寺,12,,
中央・総武線各駅停車,各駅停車,,,2408,豊田,16,,
中央・総武線各駅停車,各駅停車,,,2409,東京,13,,
中央線快速,中央特快,,,2414,高尾,12,,
中央線快速,快速,,,2416,高尾,11,1,
中央・総武線各駅停車,各駅停車,,,2418,豊田,16,,
中央・総武線各駅停車,各駅停車,,,2421,東京,13,,
中央・総武線各駅停車,各駅停車,,,2425,高尾,16,,
中央・総武線各駅停車,各駅停車,,,2434,豊田,16,,
中央・総武線各駅停車,各駅停車,,,2440,東京,13,,
中央・総武線各駅停車,各駅停車,,,2441,高尾,16,,
中央・総武線各駅停車,各駅停車,,,2450,武蔵小金井,16,,
中央・総武線各駅停車,各駅停車,,,2501,三鷹,16,,
