列1,列2,列3,列4,列5,列6,列7
山手線,各駅停車,0,池袋・上野方面,15,0,0
山手線,各駅停車,442,渋谷・品川方面,14,0,0
山手線,各駅停車,442,池袋・上野方面,15,0,0
山手線,各駅停車,502,渋谷・品川方面,14,0,0
山手線,各駅停車,519,渋谷・品川方面,14,0,0
山手線,各駅停車,519,池袋・上野方面,15,0,0
山手線,各駅停車,537,渋谷・品川方面,14,0,0
山手線,各駅停車,537,池袋・上野方面,15,0,0
山手線,各駅停車,547,渋谷・品川方面,14,0,0
山手線,各駅停車,547,池袋・上野方面,15,0,0
山手線,各駅停車,558,渋谷・品川方面,14,0,0
山手線,各駅停車,558,池袋・上野方面,15,0,0
中央線(快速),快速,605,東京,8,0,四ツ谷/御茶ノ水/神田/東京
山手線,各駅停車,606,渋谷・品川方面,14,0,0
山手線,各駅停車,606,池袋・上野方面,15,0,0
中央線(快速),快速,612,東京,8,0,四ツ谷/御茶ノ水/神田/東京
山手線,各駅停車,612,渋谷・品川方面,14,0,0
山手線,各駅停車,612,池袋・上野方面,15,0,0
山手線,各駅停車,618,渋谷・品川方面,14,0,0
山手線,各駅停車,618,池袋・上野方面,15,0,0
中央線(快速),快速,620,東京,8,0,四ツ谷/御茶ノ水/神田/東京
中央線(快速),快速,621,高尾,0,0,0
山手線,各駅停車,622,渋谷・品川方面,14,0,0
山手線,各駅停車,622,池袋・上野方面,15,0,0
中央線(快速),中央特快,626,高尾,0,0,0
中央線(快速),快速,627,東京,8,0,四ツ谷/御茶ノ水/神田/東京
山手線,各駅停車,630,渋谷・品川方面,14,0,0
山手線,各駅停車,630,池袋・上野方面,15,0,0
中央線(快速),快速,631,高尾,0,0,0
中央線(快速),快速,635,東京,8,0,四ツ谷/御茶ノ水/神田/東京
中央線(快速),快速,637,高尾,0,0,0
山手線,各駅停車,638,渋谷・品川方面,14,0,0
山手線,各駅停車,638,池袋・上野方面,15,0,0
中央線(快速),快速,640,東京,8,0,四ツ谷/御茶ノ水/神田/東京
山手線,各駅停車,641,渋谷・品川方面,14,0,0
山手線,各駅停車,641,池袋・上野方面,15,0,0
中央線(快速),快速,642,高尾,0,0,0
中央線(快速),中央特快,645,東京,8,0,四ツ谷/御茶ノ水/神田/東京
山手線,各駅停車,647,渋谷・品川方面,14,0,0
山手線,各駅停車,647,池袋・上野方面,15,0,0
中央線(快速),中央特快,648,高尾,0,0,0
中央線(快速),快速,650,東京,8,0,四ツ谷/御茶ノ水/神田/東京
中央線(快速),快速,652,青梅,0,0,0
山手線,各駅停車,653,渋谷・品川方面,14,0,0
山手線,各駅停車,653,池袋・上野方面,15,0,0
中央線(快速),快速,657,東京,8,0,四ツ谷/御茶ノ水/神田/東京
山手線,各駅停車,659,渋谷・品川方面,14,0,0
山手線,各駅停車,659,池袋・上野方面,15,0,0
中央本線(特急),特急,700,松本,0,始発,0
中央線(快速),中央特快,701,東京,8,0,四ツ谷/御茶ノ水/神田/東京
中央線(快速),快速,704,高尾,0,0,0
山手線,各駅停車,704,渋谷・品川方面,14,0,0
山手線,各駅停車,704,池袋・上野方面,15,0,0
中央線(快速),快速,707,東京,8,0,四ツ谷/御茶ノ水/神田/東京
山手線,各駅停車,709,渋谷・品川方面,14,0,0
山手線,各駅停車,709,池袋・上野方面,15,0,0
中央線(快速),快速,710,高尾,0,0,0
埼京線・東京臨海高速鉄道りんかい線直通,各駅停車,710,新木場,1,0,0
中央線(快速),快速,711,東京,8,0,四ツ谷/御茶ノ水/神田/東京
山手線,各駅停車,712,渋谷・品川方面,14,0,0
山手線,各駅停車,712,池袋・上野方面,15,0,0
中央線(快速),快速,713,東京,8,0,四ツ谷/御茶ノ水/神田/東京
山手線,各駅停車,714,渋谷・品川方面,14,0,0
山手線,各駅停車,714,池袋・上野方面,15,0,0
中央線(快速),快速,715,東京,7,0,四ツ谷/御茶ノ水/神田/東京
中央線(快速),快速,716,高尾,0,0,0
中央線(快速),快速,717,東京,7,0,四ツ谷/御茶ノ水/神田/東京
山手線,各駅停車,717,渋谷・品川方面,14,0,0
山手線,各駅停車,717,池袋・上野方面,15,0,0
中央線(快速),快速,719,立川,0,0,0
山手線,各駅停車,720,渋谷・品川方面,14,0,0
山手線,各駅停車,720,池袋・上野方面,15,0,0
中央線(快速),快速,722,東京,7,0,四ツ谷/御茶ノ水/神田/東京
中央線(快速),快速,722,武蔵小金井,0,0,0
山手線,各駅停車,723,渋谷・品川方面,14,0,0
山手線,各駅停車,723,池袋・上野方面,15,0,0
中央線(快速),快速,724,高尾,0,0,0
埼京線・東京臨海高速鉄道りんかい線直通,各駅停車,724,新木場,1,0,0
中央線(快速),快速,725,高尾,0,0,0
山手線,各駅停車,725,渋谷・品川方面,14,0,0
山手線,各駅停車,725,池袋・上野方面,15,0,0
中央線(快速),快速,726,東京,7,0,四ツ谷/御茶ノ水/神田/東京
山手線,各駅停車,728,渋谷・品川方面,14,0,0
山手線,各駅停車,728,池袋・上野方面,15,0,0
中央本線(特急),特急,730,南小谷,0,0,0
中央線(快速),快速,731,東京,7,0,四ツ谷/御茶ノ水/神田/東京
中央線(快速),快速,731,高尾,0,0,0
山手線,各駅停車,731,渋谷・品川方面,14,0,0
山手線,各駅停車,731,池袋・上野方面,15,0,0
埼京線・東京臨海高速鉄道りんかい線直通,通勤快速,733,新木場,1,0,0
中央線(快速),快速,734,東京,7,0,四ツ谷/御茶ノ水/神田/東京
中央線(快速),快速,734,武蔵小金井,0,0,0
山手線,各駅停車,734,渋谷・品川方面,14,0,0
山手線,各駅停車,734,池袋・上野方面,15,0,0
山手線,各駅停車,736,渋谷・品川方面,14,0,0
山手線,各駅停車,736,池袋・上野方面,15,0,0
中央線(快速),快速,737,東京,7,0,四ツ谷/御茶ノ水/神田/東京
中央線(快速),快速,737,高尾,0,0,0
中央線(快速),通勤特快,739,東京,7,0,四ツ谷/御茶ノ水/神田/東京
山手線,各駅停車,739,渋谷・品川方面,14,0,0
山手線,各駅停車,739,池袋・上野方面,15,0,0
中央線(快速),快速,741,東京,7,0,四ツ谷/御茶ノ水/神田/東京
中央線(快速),快速,741,高尾,0,0,0
山手線,各駅停車,742,渋谷・品川方面,14,0,0
山手線,各駅停車,742,池袋・上野方面,15,0,0
中央線(快速),快速,743,武蔵小金井,0,0,0
中央線(快速),快速,744,東京,8,0,四ツ谷/御茶ノ水/神田/東京
埼京線・東京臨海高速鉄道りんかい線直通,通勤快速,744,新木場,1,0,0
中央線(快速),快速,745,青梅,0,0,0
山手線,各駅停車,745,渋谷・品川方面,14,0,0
山手線,各駅停車,745,池袋・上野方面,15,0,0
中央線(快速),快速,747,東京,7,0,四ツ谷/御茶ノ水/神田/東京
山手線,各駅停車,747,渋谷・品川方面,14,0,0
山手線,各駅停車,747,池袋・上野方面,15,0,0
中央線(快速),快速,749,東京,8,0,四ツ谷/御茶ノ水/神田/東京
中央線(快速),快速,749,高尾,0,0,0
山手線,各駅停車,750,渋谷・品川方面,14,0,0
山手線,各駅停車,750,池袋・上野方面,15,0,0
埼京線・東京臨海高速鉄道りんかい線直通,各駅停車,750,新木場,2,0,0
中央線(快速),快速,751,東京,7,0,四ツ谷/御茶ノ水/神田/東京
中央線(快速),通勤特快,753,東京,8,0,四ツ谷/御茶ノ水/神田/東京
山手線,各駅停車,753,渋谷・品川方面,14,0,0
山手線,各駅停車,753,池袋・上野方面,15,0,0
中央線(快速),快速,754,高尾,0,0,0
中央線(快速),快速,755,東京,7,0,四ツ谷/御茶ノ水/神田/東京
山手線,各駅停車,756,渋谷・品川方面,14,0,0
山手線,各駅停車,756,池袋・上野方面,15,0,0
埼京線・東京臨海高速鉄道りんかい線直通,各駅停車,757,新木場,2,0,0
中央線(快速),快速,758,東京,8,0,四ツ谷/御茶ノ水/神田/東京
山手線,各駅停車,759,渋谷・品川方面,14,0,0
山手線,各駅停車,759,池袋・上野方面,15,0,0
中央線(快速),快速,800,東京,7,0,四ツ谷/御茶ノ水/神田/東京
中央本線(特急),特急,800,松本,0,始発,0
埼京線・東京臨海高速鉄道りんかい線直通,通勤快速,800,新木場,1,0,0
中央線(快速),快速,801,青梅,0,0,0
山手線,各駅停車,801,渋谷・品川方面,14,0,0
山手線,各駅停車,801,池袋・上野方面,15,0,0
中央線(快速),快速,802,東京,8,0,四ツ谷/御茶ノ水/神田/東京
中央線(快速),快速,803,武蔵小金井,0,0,0
中央線(快速),快速,804,東京,7,0,四ツ谷/御茶ノ水/神田/東京
山手線,各駅停車,804,渋谷・品川方面,14,0,0
山手線,各駅停車,804,池袋・上野方面,15,0,0
中央線(快速),快速,805,高尾,0,0,0
中央線(快速),快速,806,東京,8,0,四ツ谷/御茶ノ水/神田/東京
中央線(快速),快速,807,武蔵小金井,0,0,0
山手線,各駅停車,807,渋谷・品川方面,14,0,0
山手線,各駅停車,807,池袋・上野方面,15,0,0
埼京線・東京臨海高速鉄道りんかい線直通,各駅停車,808,新木場,2,0,0
中央線(快速),快速,809,東京,7,0,四ツ谷/御茶ノ水/神田/東京
中央線(快速),快速,810,高尾,0,0,0
山手線,各駅停車,810,渋谷・品川方面,14,0,0
山手線,各駅停車,810,池袋・上野方面,15,0,0
中央線(快速),快速,811,東京,8,0,四ツ谷/御茶ノ水/神田/東京
中央線(快速),快速,812,豊田,0,0,0
山手線,各駅停車,812,渋谷・品川方面,14,0,0
山手線,各駅停車,812,池袋・上野方面,15,0,0
中央線(快速),快速,813,東京,7,0,四ツ谷/御茶ノ水/神田/東京
埼京線・東京臨海高速鉄道りんかい線直通,各駅停車,814,新木場,2,0,0
中央線(快速),快速,815,東京,8,0,四ツ谷/御茶ノ水/神田/東京
中央線(快速),快速,815,豊田,0,0,0
山手線,各駅停車,815,渋谷・品川方面,14,0,0
山手線,各駅停車,815,池袋・上野方面,15,0,0
中央線(快速),快速,817,東京,7,0,四ツ谷/御茶ノ水/神田/東京
中央線(快速),快速,817,高尾,0,0,0
埼京線・東京臨海高速鉄道りんかい線直通,通勤快速,817,新木場,1,0,0
山手線,各駅停車,818,渋谷・品川方面,14,0,0
山手線,各駅停車,818,池袋・上野方面,15,0,0
中央線(快速),快速,819,東京,8,0,四ツ谷/御茶ノ水/神田/東京
中央線(快速),快速,819,青梅,0,0,0
山手線,各駅停車,820,渋谷・品川方面,14,0,0
山手線,各駅停車,820,池袋・上野方面,15,0,0
中央線(快速),快速,822,東京,7,0,四ツ谷/御茶ノ水/神田/東京
埼京線・東京臨海高速鉄道りんかい線直通,各駅停車,822,新木場,1,0,0
山手線,各駅停車,823,渋谷・品川方面,14,0,0
山手線,各駅停車,823,池袋・上野方面,15,0,0
中央線(快速),快速,824,東京,8,0,四ツ谷/御茶ノ水/神田/東京
埼京線・東京臨海高速鉄道りんかい線直通,各駅停車,824,新木場,2,0,0
中央線(快速),快速,826,東京,7,0,四ツ谷/御茶ノ水/神田/東京
中央線(快速),快速,826,立川,0,0,0
山手線,各駅停車,826,渋谷・品川方面,14,0,0
山手線,各駅停車,826,池袋・上野方面,15,0,0
中央線(快速),快速,828,東京,8,0,四ツ谷/御茶ノ水/神田/東京
中央線(快速),快速,828,豊田,0,0,0
山手線,各駅停車,828,渋谷・品川方面,14,0,0
山手線,各駅停車,828,池袋・上野方面,15,0,0
中央線(快速),快速,830,東京,7,0,四ツ谷/御茶ノ水/神田/東京
中央本線(特急),特急,830,松本,0,始発,0
埼京線・東京臨海高速鉄道りんかい線直通,各駅停車,830,新木場,2,0,0
山手線,各駅停車,831,渋谷・品川方面,14,0,0
山手線,各駅停車,831,池袋・上野方面,15,0,0
中央線(快速),快速,832,東京,8,0,四ツ谷/御茶ノ水/神田/東京
中央線(快速),快速,832,高尾,0,0,0
埼京線・東京臨海高速鉄道りんかい線直通,通勤快速,832,新木場,1,0,0
中央線(快速),快速,834,武蔵小金井,0,0,0
山手線,各駅停車,834,渋谷・品川方面,14,0,0
山手線,各駅停車,834,池袋・上野方面,15,0,0
中央線(快速),快速,835,東京,7,0,四ツ谷/御茶ノ水/神田/東京
中央線(快速),快速,836,豊田,0,0,0
中央線(快速),快速,837,東京,8,0,四ツ谷/御茶ノ水/神田/東京
山手線,各駅停車,837,渋谷・品川方面,14,0,0
山手線,各駅停車,837,池袋・上野方面,15,0,0
中央線(快速),快速,838,高尾,0,0,0
埼京線・東京臨海高速鉄道りんかい線直通,各駅停車,838,新木場,1,0,0
中央線(快速),快速,839,東京,7,0,四ツ谷/御茶ノ水/神田/東京
山手線,各駅停車,839,渋谷・品川方面,14,0,0
山手線,各駅停車,839,池袋・上野方面,15,0,0
中央線(快速),快速,840,豊田,0,0,0
中央線(快速),快速,841,東京,8,0,四ツ谷/御茶ノ水/神田/東京
中央線(快速),快速,842,八王子,0,0,0
山手線,各駅停車,842,渋谷・品川方面,14,0,0
山手線,各駅停車,842,池袋・上野方面,15,0,0
中央線(快速),通勤特快,843,東京,7,0,四ツ谷/御茶ノ水/神田/東京
中央線(快速),快速,844,豊田,0,0,0
埼京線・東京臨海高速鉄道りんかい線直通,通勤快速,844,新木場,1,0,0
中央線(快速),快速,845,東京,8,0,四ツ谷/御茶ノ水/神田/東京
山手線,各駅停車,845,渋谷・品川方面,14,0,0
山手線,各駅停車,845,池袋・上野方面,15,0,0
中央線(快速),快速,846,高尾,0,0,0
中央線(快速),快速,847,東京,7,0,四ツ谷/御茶ノ水/神田/東京
中央線(快速),快速,848,青梅,0,0,0
山手線,各駅停車,848,渋谷・品川方面,14,0,0
山手線,各駅停車,848,池袋・上野方面,15,0,0
中央線(快速),快速,849,東京,8,0,四ツ谷/御茶ノ水/神田/東京
中央線(快速),快速,850,武蔵小金井,0,0,0
山手線,各駅停車,850,渋谷・品川方面,14,0,0
山手線,各駅停車,850,池袋・上野方面,15,0,0
中央線(快速),快速,851,東京,7,0,四ツ谷/御茶ノ水/神田/東京
中央線(快速),快速,852,立川,0,0,0
中央線(快速),快速,853,東京,8,0,四ツ谷/御茶ノ水/神田/東京
山手線,各駅停車,853,渋谷・品川方面,14,0,0
山手線,各駅停車,853,池袋・上野方面,15,0,0
埼京線・東京臨海高速鉄道りんかい線直通,各駅停車,853,新木場,1,0,0
中央線(快速),快速,854,豊田,0,0,0
中央線(快速),快速,855,東京,7,0,四ツ谷/御茶ノ水/神田/東京
中央線(快速),快速,856,武蔵小金井,0,0,0
山手線,各駅停車,856,渋谷・品川方面,14,0,0
山手線,各駅停車,856,池袋・上野方面,15,0,0
中央線(快速),通勤特快,857,東京,8,0,四ツ谷/御茶ノ水/神田/東京
中央線(快速),快速,858,高尾,0,0,0
埼京線・東京臨海高速鉄道りんかい線直通,各駅停車,858,新木場,1,0,0
中央線(快速),快速,859,東京,7,0,四ツ谷/御茶ノ水/神田/東京
山手線,各駅停車,859,渋谷・品川方面,14,0,0
山手線,各駅停車,859,池袋・上野方面,15,0,0
中央本線(特急),特急,900,松本,0,始発,0
中央線(快速),快速,901,東京,8,0,四ツ谷/御茶ノ水/神田/東京
山手線,各駅停車,901,渋谷・品川方面,14,0,0
山手線,各駅停車,901,池袋・上野方面,15,0,0
中央線(快速),快速,902,豊田,0,0,0
中央線(快速),快速,903,東京,7,0,四ツ谷/御茶ノ水/神田/東京
中央線(快速),快速,904,高尾,0,0,0
山手線,各駅停車,904,渋谷・品川方面,14,0,0
山手線,各駅停車,904,池袋・上野方面,15,0,0
中央線(快速),快速,906,東京,8,0,四ツ谷/御茶ノ水/神田/東京
中央線(快速),快速,906,豊田,0,0,0
山手線,各駅停車,907,渋谷・品川方面,14,0,0
山手線,各駅停車,907,池袋・上野方面,15,0,0
中央線(快速),快速,908,東京,7,0,四ツ谷/御茶ノ水/神田/東京
中央線(快速),快速,908,武蔵小金井,0,0,0
中央線(快速),快速,910,東京,8,0,四ツ谷/御茶ノ水/神田/東京
中央線(快速),快速,910,八王子,0,0,0
山手線,各駅停車,910,渋谷・品川方面,14,0,0
山手線,各駅停車,910,池袋・上野方面,15,0,0
埼京線・東京臨海高速鉄道りんかい線直通,各駅停車,911,新木場,1,0,0
中央線(快速),快速,912,高尾,0,0,0
山手線,各駅停車,913,渋谷・品川方面,14,0,0
山手線,各駅停車,913,池袋・上野方面,15,0,0
中央本線(特急),特急,914,東京,7,0,東京
中央線(快速),快速,914,武蔵小金井,0,0,0
山手線,各駅停車,915,大崎,14,0,0
山手線,各駅停車,915,池袋・上野方面,15,0,0
埼京線・東京臨海高速鉄道りんかい線直通,通勤快速,915,新木場,1,0,0
中央線(快速),快速,916,東京,8,0,四ツ谷/御茶ノ水/神田/東京
中央線(快速),快速,916,青梅,0,0,0
中央線(快速),快速,918,武蔵小金井,0,0,0
山手線,各駅停車,918,渋谷・品川方面,14,0,0
山手線,各駅停車,918,池袋・上野方面,15,0,0
中央線(快速),快速,919,東京,7,0,四ツ谷/御茶ノ水/神田/東京
中央線(快速),快速,920,大月,0,0,0
中央線(快速),通勤特快,921,東京,8,0,四ツ谷/御茶ノ水/神田/東京
山手線,各駅停車,921,池袋,14,0,0
山手線,各駅停車,921,池袋・上野方面,15,0,0
中央線(快速),快速,922,八王子,0,0,0
埼京線・東京臨海高速鉄道りんかい線直通,各駅停車,922,新木場,1,0,0
中央線(快速),快速,923,東京,7,0,四ツ谷/御茶ノ水/神田/東京
山手線,各駅停車,923,渋谷・品川方面,14,0,0
山手線,各駅停車,923,池袋・上野方面,15,0,0
中央線(快速),快速,924,豊田,0,0,0
中央線(快速),快速,925,東京,8,0,四ツ谷/御茶ノ水/神田/東京
中央線(快速),快速,926,高尾,0,0,0
山手線,各駅停車,926,渋谷・品川方面,14,0,0
山手線,各駅停車,926,池袋・上野方面,15,0,0
中央線(快速),快速,928,豊田,0,0,0
埼京線・東京臨海高速鉄道りんかい線直通,通勤快速,928,新木場,1,0,0
山手線,各駅停車,929,渋谷・品川方面,14,0,0
山手線,各駅停車,929,池袋・上野方面,15,0,0
中央線(快速),快速,930,東京,7,0,四ツ谷/御茶ノ水/神田/東京
中央線(快速),快速,931,武蔵小金井,0,0,0
山手線,各駅停車,931,大崎,14,0,0
山手線,各駅停車,931,池袋・上野方面,15,0,0
中央線(快速),快速,933,東京,8,0,四ツ谷/御茶ノ水/神田/東京
山手線,各駅停車,934,渋谷・品川方面,14,0,0
山手線,各駅停車,934,池袋・上野方面,15,0,0
中央線(快速),快速,935,青梅,0,0,0
中央線(快速),快速,937,東京,8,0,四ツ谷/御茶ノ水/神田/東京
中央線(快速),快速,937,豊田,0,0,0
山手線,各駅停車,937,渋谷・品川方面,14,0,0
山手線,各駅停車,937,池袋・上野方面,15,0,0
中央線(快速),快速,939,武蔵小金井,0,0,0
山手線,各駅停車,939,渋谷・品川方面,14,0,0
山手線,各駅停車,939,池袋・上野方面,15,0,0
中央線(快速),快速,941,東京,8,0,四ツ谷/御茶ノ水/神田/東京
中央線(快速),快速,942,高尾,0,0,0
山手線,各駅停車,943,渋谷・品川方面,14,0,0
山手線,各駅停車,943,池袋・上野方面,15,0,0
中央線(快速),快速,944,東京,8,0,四ツ谷/御茶ノ水/神田/東京
山手線,各駅停車,945,大崎,14,0,0
山手線,各駅停車,945,池袋・上野方面,15,0,0
埼京線・東京臨海高速鉄道りんかい線直通,通勤快速,945,新木場,1,0,0
中央線(快速),中央特快,947,東京,8,0,四ツ谷/御茶ノ水/神田/東京
中央線(快速),中央特快,947,高尾,0,0,0
山手線,各駅停車,948,渋谷・品川方面,14,0,0
山手線,各駅停車,948,池袋・上野方面,15,0,0
中央線(快速),快速,949,武蔵小金井,0,0,0
中央線(快速),快速,951,東京,8,0,四ツ谷/御茶ノ水/神田/東京
中央線(快速),快速,951,青梅,0,0,0
山手線,各駅停車,951,渋谷・品川方面,14,0,0
山手線,各駅停車,951,池袋・上野方面,15,0,0
中央線(快速),快速,954,高尾,0,0,0
山手線,各駅停車,954,渋谷・品川方面,14,0,0
山手線,各駅停車,954,池袋・上野方面,15,0,0
埼京線・東京臨海高速鉄道りんかい線直通,各駅停車,955,新木場,1,0,0
中央本線(特急),特急,956,東京,7,0,東京
山手線,各駅停車,957,渋谷・品川方面,14,0,0
山手線,各駅停車,957,池袋・上野方面,15,0,0
中央線(快速),快速,959,東京,8,0,四ツ谷/御茶ノ水/神田/東京
山手線,各駅停車,959,大崎,14,0,0
山手線,各駅停車,959,池袋・上野方面,15,0,0
中央本線(特急),特急,1000,松本,0,始発,0
中央線(快速),快速,1001,立川,0,0,0
中央線(快速),中央特快,1002,東京,8,0,四ツ谷/御茶ノ水/神田/東京
山手線,各駅停車,1002,渋谷・品川方面,14,0,0
山手線,各駅停車,1002,池袋・上野方面,15,0,0
埼京線・東京臨海高速鉄道りんかい線直通,各駅停車,1003,新木場,1,0,0
中央線(快速),快速,1005,高尾,0,0,0
山手線,各駅停車,1005,渋谷・品川方面,14,0,0
山手線,各駅停車,1005,池袋・上野方面,15,0,0
中央線(快速),快速,1006,東京,8,0,四ツ谷/御茶ノ水/神田/東京
中央線(快速),快速,1007,青梅,0,0,0
山手線,各駅停車,1007,大崎,14,0,0
山手線,各駅停車,1007,池袋・上野方面,15,0,0
中央線(快速),快速,1010,立川,0,0,0
中央線(快速),快速,1011,東京,8,0,四ツ谷/御茶ノ水/神田/東京
山手線,各駅停車,1011,渋谷・品川方面,14,0,0
山手線,各駅停車,1011,池袋・上野方面,15,0,0
中央線(快速),快速,1012,八王子,0,0,0
中央線(快速),快速,1014,東京,8,0,四ツ谷/御茶ノ水/神田/東京
山手線,各駅停車,1014,渋谷・品川方面,14,0,0
山手線,各駅停車,1014,池袋・上野方面,15,0,0
中央線(快速),快速,1016,高尾,0,0,0
山手線,各駅停車,1017,大崎,14,0,0
山手線,各駅停車,1017,池袋・上野方面,15,0,0
中央線(快速),中央特快,1019,東京,8,0,四ツ谷/御茶ノ水/神田/東京
山手線,各駅停車,1020,渋谷・品川方面,14,0,0
山手線,各駅停車,1020,池袋・上野方面,15,0,0
中央線(快速),中央特快,1023,高尾,0,0,0
中央線(快速),快速,1024,東京,8,0,四ツ谷/御茶ノ水/神田/東京
山手線,各駅停車,1024,渋谷・品川方面,14,0,0
山手線,各駅停車,1024,池袋・上野方面,15,0,0
中央線(快速),快速,1025,八王子,0,0,0
埼京線・東京臨海高速鉄道りんかい線直通,通勤快速,1027,新木場,1,0,0
山手線,各駅停車,1028,渋谷・品川方面,14,0,0
山手線,各駅停車,1028,池袋・上野方面,15,0,0
中央線(快速),快速,1029,東京,8,0,四ツ谷/御茶ノ水/神田/東京
中央線(快速),快速,1031,豊田,0,0,0
山手線,各駅停車,1031,大崎,14,0,0
山手線,各駅停車,1031,池袋・上野方面,15,0,0
中央線(快速),青梅特快,1032,東京,8,0,四ツ谷/御茶ノ水/神田/東京
山手線,各駅停車,1034,渋谷・品川方面,14,0,0
山手線,各駅停車,1034,池袋・上野方面,15,0,0
中央線(快速),快速,1037,東京,8,0,四ツ谷/御茶ノ水/神田/東京
中央線(快速),青梅特快,1037,青梅,0,0,0
山手線,各駅停車,1038,渋谷・品川方面,14,0,0
山手線,各駅停車,1038,池袋・上野方面,15,0,0
中央線(快速),快速,1039,青梅,0,0,0
中央本線(特急),特急,1040,東京,10,0,東京
山手線,各駅停車,1041,大崎,14,0,0
山手線,各駅停車,1041,池袋・上野方面,15,0,0
中央線(快速),快速,1042,東京,8,0,四ツ谷/御茶ノ水/神田/東京
山手線,各駅停車,1043,渋谷・品川方面,14,0,0
山手線,各駅停車,1043,池袋・上野方面,15,0,0
中央線(快速),中央特快,1045,高尾,0,0,0
中央線(快速),中央特快,1046,東京,8,0,四ツ谷/御茶ノ水/神田/東京
中央線(快速),快速,1047,高尾,0,0,0
山手線,各駅停車,1047,渋谷・品川方面,14,0,0
山手線,各駅停車,1047,池袋・上野方面,15,0,0
中央線(快速),快速,1049,八王子,0,0,0
中央線(快速),快速,1050,東京,8,0,四ツ谷/御茶ノ水/神田/東京
埼京線・東京臨海高速鉄道りんかい線直通,快速,1050,新木場,2,0,0
中央線(快速),快速,1052,東京,8,0,四ツ谷/御茶ノ水/神田/東京
山手線,各駅停車,1052,渋谷・品川方面,14,0,0
山手線,各駅停車,1052,池袋・上野方面,15,0,0
中央線(快速),快速,1053,高尾,0,0,0
中央線(快速),快速,1054,東京,8,0,四ツ谷/御茶ノ水/神田/東京
山手線,各駅停車,1056,渋谷・品川方面,14,0,0
山手線,各駅停車,1056,池袋・上野方面,15,0,0
中央線(快速),中央特快,1059,東京,8,0,四ツ谷/御茶ノ水/神田/東京
中央本線(特急),特急,1100,松本,0,始発,0
山手線,各駅停車,1100,渋谷・品川方面,14,0,0
山手線,各駅停車,1100,池袋・上野方面,15,0,0
中央線(快速),快速,1102,青梅,0,0,0
山手線,各駅停車,1104,渋谷・品川方面,14,0,0
山手線,各駅停車,1104,池袋・上野方面,15,0,0
中央線(快速),快速,1105,東京,8,0,四ツ谷/御茶ノ水/神田/東京
埼京線・東京臨海高速鉄道りんかい線直通,快速,1106,新木場,1,0,0
中央線(快速),中央特快,1107,高尾,0,0,0
中央線(快速),快速,1109,八王子,0,0,0
山手線,各駅停車,1109,渋谷・品川方面,14,0,0
山手線,各駅停車,1109,池袋・上野方面,15,0,0
中央線(快速),快速,1110,東京,8,0,四ツ谷/御茶ノ水/神田/東京
中央線(快速),快速,1112,立川,0,0,0
山手線,各駅停車,1113,渋谷・品川方面,14,0,0
山手線,各駅停車,1113,池袋・上野方面,15,0,0
中央線(快速),中央特快,1114,東京,8,0,四ツ谷/御茶ノ水/神田/東京
中央線(快速),快速,1116,立川,0,0,0
山手線,各駅停車,1117,渋谷・品川方面,14,0,0
山手線,各駅停車,1117,池袋・上野方面,15,0,0
中央線(快速),快速,1119,東京,8,0,四ツ谷/御茶ノ水/神田/東京
中央線(快速),中央特快,1121,高尾,0,0,0
山手線,各駅停車,1121,渋谷・品川方面,14,0,0
山手線,各駅停車,1121,池袋・上野方面,15,0,0
中央線(快速),快速,1122,東京,8,0,四ツ谷/御茶ノ水/神田/東京
中央線(快速),快速,1124,東京,8,0,四ツ谷/御茶ノ水/神田/東京
中央線(快速),快速,1124,青梅,0,0,0
山手線,各駅停車,1125,渋谷・品川方面,14,0,0
山手線,各駅停車,1125,池袋・上野方面,15,0,0
埼京線・東京臨海高速鉄道りんかい線直通,快速,1126,新木場,1,0,0
中央線(快速),青梅特快,1129,東京,8,0,四ツ谷/御茶ノ水/神田/東京
山手線,各駅停車,1129,渋谷・品川方面,14,0,0
山手線,各駅停車,1129,池袋・上野方面,15,0,0
中央本線(特急),特急,1130,甲府,0,始発,0
中央線(快速),快速,1131,豊田,0,0,0
山手線,各駅停車,1133,渋谷・品川方面,14,0,0
山手線,各駅停車,1133,池袋・上野方面,15,0,0
中央線(快速),快速,1135,東京,8,0,四ツ谷/御茶ノ水/神田/東京
中央本線(特急),特急,1137,東京,8,0,東京
中央線(快速),中央特快,1137,高尾,0,0,0
山手線,各駅停車,1137,渋谷・品川方面,14,0,0
山手線,各駅停車,1137,池袋・上野方面,15,0,0
中央線(快速),快速,1139,高尾,0,0,0
中央線(快速),快速,1141,東京,8,0,四ツ谷/御茶ノ水/神田/東京
山手線,各駅停車,1142,渋谷・品川方面,14,0,0
山手線,各駅停車,1142,池袋・上野方面,15,0,0
中央線(快速),中央特快,1144,東京,8,0,四ツ谷/御茶ノ水/神田/東京
中央線(快速),中央特快,1144,高尾,0,0,0
中央線(快速),快速,1146,豊田,0,0,0
山手線,各駅停車,1146,渋谷・品川方面,14,0,0
山手線,各駅停車,1146,池袋・上野方面,15,0,0
中央線(快速),快速,1148,東京,8,0,四ツ谷/御茶ノ水/神田/東京
埼京線・東京臨海高速鉄道りんかい線直通,快速,1150,新木場,1,0,0
中央線(快速),青梅特快,1151,東京,8,0,四ツ谷/御茶ノ水/神田/東京
山手線,各駅停車,1151,渋谷・品川方面,14,0,0
山手線,各駅停車,1151,池袋・上野方面,15,0,0
中央線(快速),青梅特快,1152,青梅,0,0,0
中央線(快速),快速,1154,八王子,0,0,0
中央線(快速),快速,1155,東京,8,0,四ツ谷/御茶ノ水/神田/東京
山手線,各駅停車,1155,渋谷・品川方面,14,0,0
山手線,各駅停車,1155,池袋・上野方面,15,0,0
中央線(快速),中央特快,1158,東京,8,0,四ツ谷/御茶ノ水/神田/東京
山手線,各駅停車,1159,渋谷・品川方面,14,0,0
山手線,各駅停車,1159,池袋・上野方面,15,0,0
中央本線(特急),特急,1200,松本,0,始発,0
中央線(快速),快速,1201,青梅,0,0,0
中央線(快速),快速,1203,豊田,0,0,0
山手線,各駅停車,1203,渋谷・品川方面,14,0,0
山手線,各駅停車,1203,池袋・上野方面,15,0,0
中央線(快速),快速,1205,東京,8,0,四ツ谷/御茶ノ水/神田/東京
埼京線・東京臨海高速鉄道りんかい線直通,快速,1206,新木場,1,0,0
山手線,各駅停車,1207,渋谷・品川方面,14,0,0
山手線,各駅停車,1207,池袋・上野方面,15,0,0
中央線(快速),快速,1210,東京,8,0,四ツ谷/御茶ノ水/神田/東京
中央線(快速),中央特快,1210,高尾,0,0,0
中央線(快速),快速,1212,八王子,0,0,0
山手線,各駅停車,1212,渋谷・品川方面,14,0,0
山手線,各駅停車,1212,池袋・上野方面,15,0,0
中央線(快速),中央特快,1214,東京,8,0,四ツ谷/御茶ノ水/神田/東京
山手線,各駅停車,1216,渋谷・品川方面,14,0,0
山手線,各駅停車,1216,池袋・上野方面,15,0,0
中央線(快速),快速,1217,東京,8,0,四ツ谷/御茶ノ水/神田/東京
中央線(快速),快速,1217,立川,0,0,0
山手線,各駅停車,1220,渋谷・品川方面,14,0,0
山手線,各駅停車,1220,池袋・上野方面,15,0,0
中央線(快速),快速,1221,東京,8,0,四ツ谷/御茶ノ水/神田/東京
中央線(快速),中央特快,1222,高尾,0,0,0
中央線(快速),快速,1224,東京,8,0,四ツ谷/御茶ノ水/神田/東京
中央線(快速),快速,1224,青梅,0,0,0
山手線,各駅停車,1224,渋谷・品川方面,14,0,0
山手線,各駅停車,1224,池袋・上野方面,15,0,0
埼京線・東京臨海高速鉄道りんかい線直通,快速,1225,新木場,1,0,0
中央線(快速),中央特快,1228,東京,8,0,四ツ谷/御茶ノ水/神田/東京
山手線,各駅停車,1228,渋谷・品川方面,14,0,0
山手線,各駅停車,1228,池袋・上野方面,15,0,0
中央本線(特急),特急,1230,甲府,0,始発,0
中央線(快速),快速,1231,豊田,0,0,0
山手線,各駅停車,1232,渋谷・品川方面,14,0,0
山手線,各駅停車,1232,池袋・上野方面,15,0,0
中央線(快速),快速,1235,東京,8,0,四ツ谷/御茶ノ水/神田/東京
中央線(快速),中央特快,1237,高尾,0,0,0
山手線,各駅停車,1237,渋谷・品川方面,14,0,0
山手線,各駅停車,1237,池袋・上野方面,15,0,0
中央線(快速),快速,1239,高尾,0,0,0
中央線(快速),快速,1240,東京,8,0,四ツ谷/御茶ノ水/神田/東京
山手線,各駅停車,1241,渋谷・品川方面,14,0,0
山手線,各駅停車,1241,池袋・上野方面,15,0,0
中央線(快速),中央特快,1244,東京,8,0,四ツ谷/御茶ノ水/神田/東京
中央線(快速),中央特快,1244,高尾,0,0,0
山手線,各駅停車,1245,渋谷・品川方面,14,0,0
山手線,各駅停車,1245,池袋・上野方面,15,0,0
中央線(快速),快速,1246,豊田,0,0,0
中央線(快速),快速,1248,東京,8,0,四ツ谷/御茶ノ水/神田/東京
山手線,各駅停車,1249,渋谷・品川方面,14,0,0
山手線,各駅停車,1249,池袋・上野方面,15,0,0
埼京線・東京臨海高速鉄道りんかい線直通,快速,1250,新木場,1,0,0
中央線(快速),青梅特快,1252,東京,8,0,四ツ谷/御茶ノ水/神田/東京
中央線(快速),快速,1252,青梅,0,0,0
中央線(快速),快速,1254,高尾,0,0,0
山手線,各駅停車,1254,渋谷・品川方面,14,0,0
山手線,各駅停車,1254,池袋・上野方面,15,0,0
中央線(快速),快速,1255,東京,8,0,四ツ谷/御茶ノ水/神田/東京
中央線(快速),中央特快,1259,東京,8,0,四ツ谷/御茶ノ水/神田/東京
山手線,各駅停車,1259,渋谷・品川方面,14,0,0
山手線,各駅停車,1259,池袋・上野方面,15,0,0
中央本線(特急),特急,1300,松本,0,始発,0
中央線(快速),快速,1302,青梅,0,0,0
山手線,各駅停車,1302,渋谷・品川方面,14,0,0
山手線,各駅停車,1302,池袋・上野方面,15,0,0
中央線(快速),快速,1305,東京,8,0,四ツ谷/御茶ノ水/神田/東京
山手線,各駅停車,1306,渋谷・品川方面,14,0,0
山手線,各駅停車,1306,池袋・上野方面,15,0,0
埼京線・東京臨海高速鉄道りんかい線直通,快速,1306,新木場,1,0,0
中央線(快速),中央特快,1307,高尾,0,0,0
中央線(快速),快速,1309,豊田,0,0,0
中央線(快速),快速,1310,東京,8,0,四ツ谷/御茶ノ水/神田/東京
山手線,各駅停車,1310,渋谷・品川方面,14,0,0
山手線,各駅停車,1310,池袋・上野方面,15,0,0
中央線(快速),快速,1312,立川,0,0,0
中央線(快速),中央特快,1314,東京,8,0,四ツ谷/御茶ノ水/神田/東京
山手線,各駅停車,1315,渋谷・品川方面,14,0,0
山手線,各駅停車,1315,池袋・上野方面,15,0,0
中央線(快速),快速,1316,八王子,0,0,0
中央線(快速),快速,1318,東京,8,0,四ツ谷/御茶ノ水/神田/東京
山手線,各駅停車,1319,渋谷・品川方面,14,0,0
山手線,各駅停車,1319,池袋・上野方面,15,0,0
中央線(快速),快速,1321,東京,8,0,四ツ谷/御茶ノ水/神田/東京
中央線(快速),中央特快,1322,高尾,0,0,0
山手線,各駅停車,1323,渋谷・品川方面,14,0,0
山手線,各駅停車,1323,池袋・上野方面,15,0,0
中央線(快速),快速,1324,東京,8,0,四ツ谷/御茶ノ水/神田/東京
中央線(快速),快速,1324,青梅,0,0,0
埼京線・東京臨海高速鉄道りんかい線直通,快速,1325,新木場,1,0,0
山手線,各駅停車,1327,渋谷・品川方面,14,0,0
山手線,各駅停車,1327,池袋・上野方面,15,0,0
中央線(快速),中央特快,1328,東京,8,0,四ツ谷/御茶ノ水/神田/東京
中央本線(特急),特急,1330,甲府,0,始発,0
中央線(快速),快速,1331,高尾,0,0,0
山手線,各駅停車,1331,渋谷・品川方面,14,0,0
山手線,各駅停車,1331,池袋・上野方面,15,0,0
中央線(快速),快速,1335,東京,8,0,四ツ谷/御茶ノ水/神田/東京
山手線,各駅停車,1335,渋谷・品川方面,14,0,0
山手線,各駅停車,1335,池袋・上野方面,15,0,0
中央線(快速),中央特快,1337,高尾,0,0,0
中央線(快速),快速,1339,高尾,0,0,0
中央線(快速),快速,1340,東京,8,0,四ツ谷/御茶ノ水/神田/東京
山手線,各駅停車,1340,渋谷・品川方面,14,0,0
山手線,各駅停車,1340,池袋・上野方面,15,0,0
中央線(快速),中央特快,1343,東京,8,0,四ツ谷/御茶ノ水/神田/東京
中央線(快速),中央特快,1344,大月,0,0,0
山手線,各駅停車,1344,渋谷・品川方面,14,0,0
山手線,各駅停車,1344,池袋・上野方面,15,0,0
中央線(快速),快速,1346,八王子,0,0,0
中央線(快速),快速,1348,東京,8,0,四ツ谷/御茶ノ水/神田/東京
山手線,各駅停車,1348,渋谷・品川方面,14,0,0
山手線,各駅停車,1348,池袋・上野方面,15,0,0
埼京線・東京臨海高速鉄道りんかい線直通,快速,1350,新木場,1,0,0
中央線(快速),青梅特快,1352,青梅,0,0,0
中央線(快速),青梅特快,1353,東京,8,0,四ツ谷/御茶ノ水/神田/東京
山手線,各駅停車,1353,渋谷・品川方面,14,0,0
山手線,各駅停車,1353,池袋・上野方面,15,0,0
中央線(快速),快速,1354,高尾,0,0,0
中央線(快速),快速,1355,東京,8,0,四ツ谷/御茶ノ水/神田/東京
山手線,各駅停車,1357,渋谷・品川方面,14,0,0
山手線,各駅停車,1357,池袋・上野方面,15,0,0
中央線(快速),中央特快,1358,東京,8,0,四ツ谷/御茶ノ水/神田/東京
中央本線(特急),特急,1400,松本,0,始発,0
山手線,各駅停車,1401,渋谷・品川方面,14,0,0
山手線,各駅停車,1401,池袋・上野方面,15,0,0
中央線(快速),快速,1402,青梅,0,0,0
中央線(快速),快速,1404,東京,8,0,四ツ谷/御茶ノ水/神田/東京
山手線,各駅停車,1405,渋谷・品川方面,14,0,0
山手線,各駅停車,1405,池袋・上野方面,15,0,0
埼京線・東京臨海高速鉄道りんかい線直通,快速,1406,新木場,1,0,0
中央線(快速),中央特快,1407,高尾,0,0,0
中央線(快速),快速,1409,立川,0,0,0
山手線,各駅停車,1409,渋谷・品川方面,14,0,0
山手線,各駅停車,1409,池袋・上野方面,15,0,0
中央線(快速),快速,1411,東京,8,0,四ツ谷/御茶ノ水/神田/東京
中央線(快速),快速,1412,八王子,0,0,0
山手線,各駅停車,1413,渋谷・品川方面,14,0,0
山手線,各駅停車,1413,池袋・上野方面,15,0,0
中央線(快速),中央特快,1414,東京,8,0,四ツ谷/御茶ノ水/神田/東京
中央線(快速),快速,1417,立川,0,0,0
山手線,各駅停車,1417,渋谷・品川方面,14,0,0
山手線,各駅停車,1417,池袋・上野方面,15,0,0
中央線(快速),快速,1418,東京,8,0,四ツ谷/御茶ノ水/神田/東京
中央線(快速),快速,1421,東京,8,0,四ツ谷/御茶ノ水/神田/東京
山手線,各駅停車,1421,渋谷・品川方面,14,0,0
山手線,各駅停車,1421,池袋・上野方面,15,0,0
中央線(快速),中央特快,1422,高尾,0,0,0
中央線(快速),快速,1424,東京,8,0,四ツ谷/御茶ノ水/神田/東京
中央線(快速),快速,1424,青梅,0,0,0
埼京線・東京臨海高速鉄道りんかい線直通,快速,1425,新木場,1,0,0
山手線,各駅停車,1426,渋谷・品川方面,14,0,0
山手線,各駅停車,1426,池袋・上野方面,15,0,0
中央線(快速),中央特快,1428,東京,8,0,四ツ谷/御茶ノ水/神田/東京
中央本線(特急),特急,1430,甲府,0,始発,0
山手線,各駅停車,1430,渋谷・品川方面,14,0,0
山手線,各駅停車,1430,池袋・上野方面,15,0,0
中央線(快速),快速,1431,高尾,0,0,0
中央線(快速),快速,1433,東京,8,0,四ツ谷/御茶ノ水/神田/東京
山手線,各駅停車,1434,渋谷・品川方面,14,0,0
山手線,各駅停車,1434,池袋・上野方面,15,0,0
中央線(快速),中央特快,1437,東京,8,0,四ツ谷/御茶ノ水/神田/東京
中央線(快速),中央特快,1437,高尾,0,0,0
山手線,各駅停車,1438,渋谷・品川方面,14,0,0
山手線,各駅停車,1438,池袋・上野方面,15,0,0
中央線(快速),快速,1439,高尾,0,0,0
山手線,各駅停車,1442,渋谷・品川方面,14,0,0
山手線,各駅停車,1442,池袋・上野方面,15,0,0
中央線(快速),快速,1444,東京,8,0,四ツ谷/御茶ノ水/神田/東京
中央線(快速),中央特快,1444,大月,0,0,0
中央線(快速),快速,1446,八王子,0,0,0
山手線,各駅停車,1446,渋谷・品川方面,14,0,0
山手線,各駅停車,1446,池袋・上野方面,15,0,0
中央線(快速),快速,1448,東京,8,0,四ツ谷/御茶ノ水/神田/東京
埼京線・東京臨海高速鉄道りんかい線直通,快速,1450,新木場,1,0,0
山手線,各駅停車,1451,渋谷・品川方面,14,0,0
山手線,各駅停車,1451,池袋・上野方面,15,0,0
中央線(快速),青梅特快,1452,東京,8,0,四ツ谷/御茶ノ水/神田/東京
中央線(快速),青梅特快,1452,青梅,0,0,0
中央線(快速),快速,1454,高尾,0,0,0
中央線(快速),快速,1456,東京,8,0,四ツ谷/御茶ノ水/神田/東京
山手線,各駅停車,1456,渋谷・品川方面,14,0,0
山手線,各駅停車,1456,池袋・上野方面,15,0,0
中央本線(特急),特急,1500,松本,0,始発,0
山手線,各駅停車,1500,渋谷・品川方面,14,0,0
山手線,各駅停車,1500,池袋・上野方面,15,0,0
中央線(快速),中央特快,1501,東京,8,0,四ツ谷/御茶ノ水/神田/東京
中央線(快速),快速,1502,青梅,0,0,0
山手線,各駅停車,1504,渋谷・品川方面,14,0,0
山手線,各駅停車,1504,池袋・上野方面,15,0,0
中央線(快速),快速,1505,東京,8,0,四ツ谷/御茶ノ水/神田/東京
埼京線・東京臨海高速鉄道りんかい線直通,快速,1506,新木場,1,0,0
中央線(快速),中央特快,1507,高尾,0,0,0
山手線,各駅停車,1508,渋谷・品川方面,14,0,0
山手線,各駅停車,1508,池袋・上野方面,15,0,0
中央線(快速),快速,1509,八王子,0,0,0
中央線(快速),快速,1510,東京,8,0,四ツ谷/御茶ノ水/神田/東京
中央線(快速),快速,1512,立川,0,0,0
山手線,各駅停車,1512,渋谷・品川方面,14,0,0
山手線,各駅停車,1512,池袋・上野方面,15,0,0
中央線(快速),中央特快,1514,東京,8,0,四ツ谷/御茶ノ水/神田/東京
中央線(快速),快速,1515,高尾,0,0,0
山手線,各駅停車,1516,渋谷・品川方面,14,0,0
山手線,各駅停車,1516,池袋・上野方面,15,0,0
中央線(快速),快速,1517,東京,8,0,四ツ谷/御茶ノ水/神田/東京
中央線(快速),快速,1521,東京,8,0,四ツ谷/御茶ノ水/神田/東京
中央線(快速),中央特快,1521,高尾,0,0,0
山手線,各駅停車,1521,渋谷・品川方面,14,0,0
山手線,各駅停車,1521,池袋・上野方面,15,0,0
中央線(快速),快速,1524,東京,8,0,四ツ谷/御茶ノ水/神田/東京
中央線(快速),快速,1524,青梅,0,0,0
山手線,各駅停車,1525,渋谷・品川方面,14,0,0
山手線,各駅停車,1525,池袋・上野方面,15,0,0
埼京線・東京臨海高速鉄道りんかい線直通,快速,1525,新木場,1,0,0
中央線(快速),中央特快,1528,東京,8,0,四ツ谷/御茶ノ水/神田/東京
山手線,各駅停車,1529,渋谷・品川方面,14,0,0
山手線,各駅停車,1529,池袋・上野方面,15,0,0
中央本線(特急),特急,1530,甲府,0,0,0
中央線(快速),快速,1531,立川,0,0,0
山手線,各駅停車,1533,渋谷・品川方面,14,0,0
山手線,各駅停車,1533,池袋・上野方面,15,0,0
中央線(快速),快速,1535,東京,8,0,四ツ谷/御茶ノ水/神田/東京
中央線(快速),中央特快,1537,高尾,0,0,0
山手線,各駅停車,1537,渋谷・品川方面,14,0,0
山手線,各駅停車,1537,池袋・上野方面,15,0,0
中央線(快速),快速,1539,高尾,0,0,0
中央線(快速),快速,1540,東京,8,0,四ツ谷/御茶ノ水/神田/東京
山手線,各駅停車,1541,渋谷・品川方面,14,0,0
山手線,各駅停車,1541,池袋・上野方面,15,0,0
中央線(快速),中央特快,1544,東京,8,0,四ツ谷/御茶ノ水/神田/東京
中央線(快速),中央特快,1545,高尾,0,0,0
山手線,各駅停車,1546,渋谷・品川方面,14,0,0
山手線,各駅停車,1546,池袋・上野方面,15,0,0
中央線(快速),快速,1547,青梅,0,0,0
中央線(快速),快速,1548,東京,8,0,四ツ谷/御茶ノ水/神田/東京
山手線,各駅停車,1550,渋谷・品川方面,14,0,0
山手線,各駅停車,1550,池袋・上野方面,15,0,0
埼京線・東京臨海高速鉄道りんかい線直通,快速,1550,新木場,1,0,0
中央線(快速),青梅特快,1551,東京,8,0,四ツ谷/御茶ノ水/神田/東京
中央線(快速),中央特快,1552,高尾,0,0,0
中央線(快速),快速,1555,豊田,0,0,0
山手線,各駅停車,1555,渋谷・品川方面,14,0,0
山手線,各駅停車,1555,池袋・上野方面,15,0,0
中央線(快速),快速,1556,東京,8,0,四ツ谷/御茶ノ水/神田/東京
山手線,各駅停車,1559,渋谷・品川方面,14,0,0
山手線,各駅停車,1559,池袋・上野方面,15,0,0
中央本線(特急),特急,1600,松本,0,始発,0
中央線(快速),中央特快,1601,東京,8,0,四ツ谷/御茶ノ水/神田/東京
中央線(快速),快速,1602,高尾,0,0,0
山手線,各駅停車,1602,渋谷・品川方面,14,0,0
山手線,各駅停車,1602,池袋・上野方面,15,0,0
中央線(快速),快速,1605,東京,7,0,四ツ谷/御茶ノ水/神田/東京
山手線,各駅停車,1605,渋谷・品川方面,14,0,0
山手線,各駅停車,1605,池袋・上野方面,15,0,0
埼京線・東京臨海高速鉄道りんかい線直通,快速,1605,新木場,1,0,0
中央線(快速),中央特快,1607,高尾,0,0,0
山手線,各駅停車,1608,渋谷・品川方面,14,0,0
山手線,各駅停車,1608,池袋・上野方面,15,0,0
中央線(快速),快速,1609,高尾,0,0,0
中央線(快速),快速,1611,東京,8,0,四ツ谷/御茶ノ水/神田/東京
山手線,各駅停車,1611,渋谷・品川方面,14,0,0
山手線,各駅停車,1611,池袋・上野方面,15,0,0
中央線(快速),快速,1612,立川,0,0,0
山手線,各駅停車,1614,渋谷・品川方面,14,0,0
山手線,各駅停車,1614,池袋・上野方面,15,0,0
中央線(快速),中央特快,1615,東京,8,0,四ツ谷/御茶ノ水/神田/東京
山手線,各駅停車,1617,渋谷・品川方面,14,0,0
山手線,各駅停車,1617,池袋・上野方面,15,0,0
中央線(快速),中央特快,1618,高尾,0,0,0
中央線(快速),快速,1619,東京,8,0,四ツ谷/御茶ノ水/神田/東京
中央線(快速),快速,1620,高尾,0,0,0
中央線(快速),快速,1621,東京,8,0,四ツ谷/御茶ノ水/神田/東京
山手線,各駅停車,1621,渋谷・品川方面,14,0,0
山手線,各駅停車,1621,池袋・上野方面,15,0,0
中央線(快速),中央特快,1624,東京,8,0,四ツ谷/御茶ノ水/神田/東京
山手線,各駅停車,1624,渋谷・品川方面,14,0,0
山手線,各駅停車,1624,池袋・上野方面,15,0,0
中央線(快速),快速,1625,豊田,0,0,0
埼京線・東京臨海高速鉄道りんかい線直通,快速,1625,新木場,1,0,0
山手線,各駅停車,1627,渋谷・品川方面,14,0,0
山手線,各駅停車,1627,池袋・上野方面,15,0,0
中央線(快速),快速,1630,東京,8,0,四ツ谷/御茶ノ水/神田/東京
中央本線(特急),特急,1630,甲府,0,0,0
山手線,各駅停車,1630,渋谷・品川方面,14,0,0
山手線,各駅停車,1630,池袋・上野方面,15,0,0
中央線(快速),快速,1631,青梅,0,0,0
中央線(快速),快速,1633,東京,8,0,四ツ谷/御茶ノ水/神田/東京
山手線,各駅停車,1634,渋谷・品川方面,14,0,0
山手線,各駅停車,1634,池袋・上野方面,15,0,0
中央線(快速),快速,1636,高尾,0,0,0
山手線,各駅停車,1637,渋谷・品川方面,14,0,0
山手線,各駅停車,1637,池袋・上野方面,15,0,0
埼京線・東京臨海高速鉄道りんかい線直通,各駅停車,1637,新木場,1,0,0
中央線(快速),快速,1639,東京,8,0,四ツ谷/御茶ノ水/神田/東京
中央線(快速),中央特快,1641,高尾,0,0,0
山手線,各駅停車,1641,渋谷・品川方面,14,0,0
山手線,各駅停車,1641,池袋・上野方面,15,0,0
中央線(快速),快速,1644,東京,8,0,四ツ谷/御茶ノ水/神田/東京
中央線(快速),快速,1644,高尾,0,0,0
山手線,各駅停車,1644,渋谷・品川方面,14,0,0
山手線,各駅停車,1644,池袋・上野方面,15,0,0
中央線(快速),快速,1647,東京,8,0,四ツ谷/御茶ノ水/神田/東京
中央線(快速),快速,1647,青梅,0,0,0
山手線,各駅停車,1647,渋谷・品川方面,14,0,0
山手線,各駅停車,1647,池袋・上野方面,15,0,0
中央線(快速),快速,1649,東京,8,0,四ツ谷/御茶ノ水/神田/東京
中央線(快速),快速,1649,八王子,0,0,0
中央線(快速),快速,1651,立川,0,0,0
山手線,各駅停車,1651,渋谷・品川方面,14,0,0
山手線,各駅停車,1651,池袋・上野方面,15,0,0
埼京線・東京臨海高速鉄道りんかい線直通,各駅停車,1651,新木場,1,0,0
中央線(快速),中央特快,1652,東京,8,0,四ツ谷/御茶ノ水/神田/東京
中央線(快速),快速,1654,東京,8,0,四ツ谷/御茶ノ水/神田/東京
山手線,各駅停車,1654,渋谷・品川方面,14,0,0
山手線,各駅停車,1654,池袋・上野方面,15,0,0
中央線(快速),快速,1655,大月,0,0,0
中央線(快速),快速,1657,東京,8,0,四ツ谷/御茶ノ水/神田/東京
山手線,各駅停車,1657,渋谷・品川方面,14,0,0
山手線,各駅停車,1657,池袋・上野方面,15,0,0
中央線(快速),快速,1700,東京,8,0,四ツ谷/御茶ノ水/神田/東京
中央本線(特急),特急,1700,松本,0,0,0
山手線,各駅停車,1700,渋谷・品川方面,14,0,0
山手線,各駅停車,1700,池袋・上野方面,15,0,0
中央線(快速),快速,1702,高尾,0,0,0
埼京線・東京臨海高速鉄道りんかい線直通,快速,1702,新木場,1,0,0
山手線,各駅停車,1704,渋谷・品川方面,14,0,0
山手線,各駅停車,1704,池袋・上野方面,15,0,0
中央線(快速),快速,1705,東京,8,0,四ツ谷/御茶ノ水/神田/東京
中央線(快速),快速,1706,高尾,0,0,0
埼京線・東京臨海高速鉄道りんかい線直通,各駅停車,1706,新木場,1,0,0
山手線,各駅停車,1707,渋谷・品川方面,14,0,0
山手線,各駅停車,1707,池袋・上野方面,15,0,0
中央線(快速),快速,1709,東京,8,0,四ツ谷/御茶ノ水/神田/東京
中央線(快速),快速,1710,青梅,0,0,0
山手線,各駅停車,1710,渋谷・品川方面,14,0,0
山手線,各駅停車,1710,池袋・上野方面,15,0,0
中央線(快速),快速,1711,東京,8,0,四ツ谷/御茶ノ水/神田/東京
埼京線・東京臨海高速鉄道りんかい線直通,各駅停車,1712,新木場,1,0,0
中央線(快速),快速,1713,東京,8,0,四ツ谷/御茶ノ水/神田/東京
山手線,各駅停車,1713,渋谷・品川方面,14,0,0
山手線,各駅停車,1713,池袋・上野方面,15,0,0
中央線(快速),快速,1714,立川,0,0,0
中央線(快速),快速,1715,東京,8,0,四ツ谷/御茶ノ水/神田/東京
中央線(快速),快速,1716,八王子,0,0,0
山手線,各駅停車,1716,渋谷・品川方面,14,0,0
山手線,各駅停車,1716,池袋・上野方面,15,0,0
中央線(快速),快速,1718,東京,8,0,四ツ谷/御茶ノ水/神田/東京
中央線(快速),快速,1719,高尾,0,0,0
山手線,各駅停車,1720,渋谷・品川方面,14,0,0
山手線,各駅停車,1720,池袋・上野方面,15,0,0
中央線(快速),中央特快,1721,東京,8,0,四ツ谷/御茶ノ水/神田/東京
中央線(快速),通勤快速,1722,高尾,0,0,0
山手線,各駅停車,1723,渋谷・品川方面,14,0,0
山手線,各駅停車,1723,池袋・上野方面,15,0,0
中央線(快速),快速,1724,東京,8,0,四ツ谷/御茶ノ水/神田/東京
埼京線・東京臨海高速鉄道りんかい線直通,快速,1724,新木場,1,0,0
中央線(快速),快速,1725,高尾,0,0,0
山手線,各駅停車,1726,渋谷・品川方面,14,0,0
山手線,各駅停車,1726,池袋・上野方面,15,0,0
中央線(快速),快速,1727,豊田,0,0,0
中央線(快速),快速,1728,東京,8,0,四ツ谷/御茶ノ水/神田/東京
埼京線・東京臨海高速鉄道りんかい線直通,各駅停車,1729,新木場,1,0,0
中央線(快速),快速,1730,東京,8,0,四ツ谷/御茶ノ水/神田/東京
中央本線(特急),特急,1730,松本,0,始発,0
中央線(快速),快速,1732,武蔵小金井,0,0,0
山手線,各駅停車,1732,渋谷・品川方面,14,0,0
山手線,各駅停車,1732,池袋・上野方面,15,0,0
中央線(快速),快速,1733,東京,8,0,四ツ谷/御茶ノ水/神田/東京
中央線(快速),快速,1736,東京,8,0,四ツ谷/御茶ノ水/神田/東京
中央線(快速),通勤快速,1736,青梅,0,0,0
山手線,各駅停車,1736,渋谷・品川方面,14,0,0
山手線,各駅停車,1736,池袋・上野方面,15,0,0
中央線(快速),快速,1738,青梅,0,0,0
中央線(快速),快速,1739,東京,8,0,四ツ谷/御茶ノ水/神田/東京
山手線,各駅停車,1739,渋谷・品川方面,14,0,0
山手線,各駅停車,1739,池袋・上野方面,15,0,0
中央線(快速),快速,1740,高尾,0,0,0
中央線(快速),快速,1741,東京,8,0,四ツ谷/御茶ノ水/神田/東京
山手線,各駅停車,1742,渋谷・品川方面,14,0,0
山手線,各駅停車,1742,池袋・上野方面,15,0,0
中央線(快速),快速,1743,立川,0,0,0
山手線,各駅停車,1745,渋谷・品川方面,14,0,0
山手線,各駅停車,1745,池袋・上野方面,15,0,0
中央線(快速),中央特快,1746,東京,8,0,四ツ谷/御茶ノ水/神田/東京
中央線(快速),通勤快速,1746,高尾,0,0,0
中央線(快速),快速,1748,東京,8,0,四ツ谷/御茶ノ水/神田/東京
中央線(快速),快速,1749,武蔵小金井,0,0,0
山手線,各駅停車,1749,渋谷・品川方面,14,0,0
山手線,各駅停車,1749,池袋・上野方面,15,0,0
埼京線・東京臨海高速鉄道りんかい線直通,各駅停車,1749,新木場,1,0,0
中央線(快速),快速,1751,東京,8,0,四ツ谷/御茶ノ水/神田/東京
中央線(快速),快速,1751,高尾,0,0,0
山手線,各駅停車,1752,渋谷・品川方面,14,0,0
山手線,各駅停車,1752,池袋・上野方面,15,0,0
中央線(快速),快速,1754,高尾,0,0,0
中央線(快速),快速,1755,東京,8,0,四ツ谷/御茶ノ水/神田/東京
山手線,各駅停車,1755,渋谷・品川方面,14,0,0
山手線,各駅停車,1755,池袋・上野方面,15,0,0
埼京線・東京臨海高速鉄道りんかい線直通,各駅停車,1755,新木場,1,0,0
中央線(快速),快速,1757,東京,8,0,四ツ谷/御茶ノ水/神田/東京
中央線(快速),快速,1758,青梅,0,0,0
山手線,各駅停車,1758,渋谷・品川方面,14,0,0
山手線,各駅停車,1758,池袋・上野方面,15,0,0
中央線(快速),快速,1800,東京,8,0,四ツ谷/御茶ノ水/神田/東京
中央線(快速),快速,1802,大月,0,0,0
山手線,各駅停車,1802,渋谷・品川方面,14,0,0
山手線,各駅停車,1802,池袋・上野方面,15,0,0
中央線(快速),快速,1803,東京,8,0,四ツ谷/御茶ノ水/神田/東京
中央線(快速),快速,1804,武蔵小金井,0,0,0
山手線,各駅停車,1805,渋谷・品川方面,14,0,0
山手線,各駅停車,1805,池袋・上野方面,15,0,0
中央線(快速),快速,1806,東京,8,0,四ツ谷/御茶ノ水/神田/東京
埼京線・東京臨海高速鉄道りんかい線直通,各駅停車,1806,新木場,1,0,0
中央線(快速),通勤快速,1807,高尾,0,0,0
山手線,各駅停車,1808,渋谷・品川方面,14,0,0
山手線,各駅停車,1808,池袋・上野方面,15,0,0
中央線(快速),快速,1809,高尾,0,0,0
中央線(快速),快速,1810,東京,8,0,四ツ谷/御茶ノ水/神田/東京
中央線(快速),快速,1811,武蔵小金井,0,0,0
中央線(快速),快速,1811,箱根ケ崎,0,0,0
山手線,各駅停車,1811,渋谷・品川方面,14,0,0
山手線,各駅停車,1811,池袋・上野方面,15,0,0
中央線(快速),快速,1812,東京,8,0,四ツ谷/御茶ノ水/神田/東京
埼京線・東京臨海高速鉄道りんかい線直通,各駅停車,1814,新木場,1,0,0
中央本線(特急),ライナー,1815,青梅,0,0,0
山手線,各駅停車,1815,渋谷・品川方面,14,0,0
山手線,各駅停車,1815,池袋・上野方面,15,0,0
中央線(快速),快速,1816,東京,8,0,四ツ谷/御茶ノ水/神田/東京
中央線(快速),快速,1817,豊田,0,0,0
山手線,各駅停車,1818,渋谷・品川方面,14,0,0
山手線,各駅停車,1818,池袋・上野方面,15,0,0
中央線(快速),中央特快,1819,東京,8,0,四ツ谷/御茶ノ水/神田/東京
中央線(快速),快速,1820,高尾,0,0,0
山手線,各駅停車,1821,渋谷・品川方面,14,0,0
山手線,各駅停車,1821,池袋・上野方面,15,0,0
中央線(快速),快速,1822,東京,8,0,四ツ谷/御茶ノ水/神田/東京
中央線(快速),通勤快速,1823,河口湖,0,0,0
中央線(快速),快速,1825,武蔵小金井,0,0,0
山手線,各駅停車,1825,渋谷・品川方面,14,0,0
山手線,各駅停車,1825,池袋・上野方面,15,0,0
埼京線・東京臨海高速鉄道りんかい線直通,各駅停車,1825,新木場,1,0,0
中央線(快速),快速,1826,東京,8,0,四ツ谷/御茶ノ水/神田/東京
中央線(快速),快速,1827,青梅,0,0,0
山手線,各駅停車,1828,渋谷・品川方面,14,0,0
山手線,各駅停車,1828,池袋・上野方面,15,0,0
中央線(快速),快速,1830,東京,8,0,四ツ谷/御茶ノ水/神田/東京
中央本線(特急),特急,1830,竜王,0,始発,0
山手線,各駅停車,1831,渋谷・品川方面,14,0,0
山手線,各駅停車,1831,池袋・上野方面,15,0,0
中央線(快速),快速,1832,八王子,0,0,0
中央線(快速),快速,1834,東京,8,0,四ツ谷/御茶ノ水/神田/東京
山手線,各駅停車,1834,渋谷・品川方面,14,0,0
山手線,各駅停車,1834,池袋・上野方面,15,0,0
中央線(快速),快速,1835,豊田,0,0,0
埼京線・東京臨海高速鉄道りんかい線直通,各駅停車,1836,新木場,1,0,0
中央線(快速),通勤快速,1837,高尾,0,0,0
山手線,各駅停車,1837,渋谷・品川方面,14,0,0
山手線,各駅停車,1837,池袋・上野方面,15,0,0
中央線(快速),快速,1838,東京,8,0,四ツ谷/御茶ノ水/神田/東京
中央線(快速),快速,1839,青梅,0,0,0
山手線,各駅停車,1841,渋谷・品川方面,14,0,0
山手線,各駅停車,1841,池袋・上野方面,15,0,0
中央線(快速),快速,1842,東京,8,0,四ツ谷/御茶ノ水/神田/東京
中央線(快速),快速,1842,豊田,0,0,0
埼京線・東京臨海高速鉄道りんかい線直通,各駅停車,1843,新木場,1,0,0
山手線,各駅停車,1844,渋谷・品川方面,14,0,0
山手線,各駅停車,1844,池袋・上野方面,15,0,0
中央本線(特急),ライナー,1845,高尾,0,0,0
中央線(快速),快速,1846,東京,8,0,四ツ谷/御茶ノ水/神田/東京
中央線(快速),快速,1847,立川,0,0,0
山手線,各駅停車,1847,渋谷・品川方面,14,0,0
山手線,各駅停車,1847,池袋・上野方面,15,0,0
中央線(快速),快速,1849,東京,8,0,四ツ谷/御茶ノ水/神田/東京
中央線(快速),通勤快速,1850,高尾,0,0,0
山手線,各駅停車,1850,渋谷・品川方面,14,0,0
山手線,各駅停車,1850,池袋・上野方面,15,0,0
中央線(快速),中央特快,1851,東京,8,0,四ツ谷/御茶ノ水/神田/東京
中央線(快速),快速,1852,高尾,0,0,0
中央線(快速),快速,1853,東京,8,0,四ツ谷/御茶ノ水/神田/東京
山手線,各駅停車,1854,渋谷・品川方面,14,0,0
山手線,各駅停車,1854,池袋・上野方面,15,0,0
埼京線・東京臨海高速鉄道りんかい線直通,各駅停車,1855,新木場,1,0,0
中央線(快速),快速,1856,青梅,0,0,0
中央線(快速),快速,1857,東京,8,0,四ツ谷/御茶ノ水/神田/東京
山手線,各駅停車,1857,渋谷・品川方面,14,0,0
山手線,各駅停車,1857,池袋・上野方面,15,0,0
中央線(快速),快速,1859,東京,8,0,四ツ谷/御茶ノ水/神田/東京
中央本線(特急),特急,1900,松本,0,始発,0
山手線,各駅停車,1900,渋谷・品川方面,14,0,0
山手線,各駅停車,1900,池袋・上野方面,15,0,0
中央線(快速),快速,1901,青梅,0,0,0
山手線,各駅停車,1903,渋谷・品川方面,14,0,0
山手線,各駅停車,1903,池袋・上野方面,15,0,0
埼京線・東京臨海高速鉄道りんかい線直通,各駅停車,1903,新木場,1,0,0
中央線(快速),快速,1904,東京,8,0,四ツ谷/御茶ノ水/神田/東京
中央線(快速),快速,1905,高尾,0,0,0
山手線,各駅停車,1907,渋谷・品川方面,14,0,0
山手線,各駅停車,1907,池袋・上野方面,15,0,0
中央線(快速),快速,1908,東京,8,0,四ツ谷/御茶ノ水/神田/東京
中央線(快速),通勤快速,1908,大月,0,0,0
山手線,各駅停車,1910,渋谷・品川方面,14,0,0
山手線,各駅停車,1910,池袋・上野方面,15,0,0
中央線(快速),快速,1911,高尾,0,0,0
中央線(快速),快速,1912,東京,8,0,四ツ谷/御茶ノ水/神田/東京
山手線,各駅停車,1913,渋谷・品川方面,14,0,0
山手線,各駅停車,1913,池袋・上野方面,15,0,0
埼京線・東京臨海高速鉄道りんかい線直通,各駅停車,1913,新木場,1,0,0
中央線(快速),青梅特快,1915,東京,8,0,四ツ谷/御茶ノ水/神田/東京
中央本線(特急),ライナー,1915,高尾,0,0,0
中央線(快速),快速,1916,青梅,0,0,0
山手線,各駅停車,1916,渋谷・品川方面,14,0,0
山手線,各駅停車,1916,池袋・上野方面,15,0,0
中央線(快速),快速,1918,東京,8,0,四ツ谷/御茶ノ水/神田/東京
中央線(快速),快速,1918,高尾,0,0,0
中央線(快速),快速,1920,東京,8,0,四ツ谷/御茶ノ水/神田/東京
山手線,各駅停車,1920,渋谷・品川方面,14,0,0
山手線,各駅停車,1920,池袋・上野方面,15,0,0
中央線(快速),快速,1921,青梅,0,0,0
山手線,各駅停車,1923,渋谷・品川方面,14,0,0
山手線,各駅停車,1923,池袋・上野方面,15,0,0
中央線(快速),快速,1924,東京,8,0,四ツ谷/御茶ノ水/神田/東京
中央線(快速),通勤快速,1924,河口湖,0,0,0
山手線,各駅停車,1926,渋谷・品川方面,14,0,0
山手線,各駅停車,1926,池袋・上野方面,15,0,0
中央線(快速),快速,1927,東京,8,0,四ツ谷/御茶ノ水/神田/東京
中央線(快速),快速,1927,武蔵小金井,0,0,0
中央線(快速),快速,1927,高麗川,0,0,0
埼京線・東京臨海高速鉄道りんかい線直通,各駅停車,1927,新木場,1,0,0
山手線,各駅停車,1929,渋谷・品川方面,14,0,0
山手線,各駅停車,1929,池袋・上野方面,15,0,0
中央本線(特急),特急,1930,竜王,0,始発,0
中央線(快速),快速,1931,東京,8,0,四ツ谷/御茶ノ水/神田/東京
中央線(快速),快速,1932,立川,0,0,0
山手線,各駅停車,1932,渋谷・品川方面,14,0,0
山手線,各駅停車,1932,池袋・上野方面,15,0,0
中央線(快速),快速,1935,東京,8,0,四ツ谷/御茶ノ水/神田/東京
埼京線・東京臨海高速鉄道りんかい線直通,各駅停車,1935,新木場,1,0,0
中央線(快速),快速,1936,豊田,0,0,0
山手線,各駅停車,1936,渋谷・品川方面,14,0,0
山手線,各駅停車,1936,池袋・上野方面,15,0,0
中央線(快速),通勤快速,1939,高尾,0,0,0
山手線,各駅停車,1939,渋谷・品川方面,14,0,0
山手線,各駅停車,1939,池袋・上野方面,15,0,0
中央線(快速),快速,1940,東京,8,0,四ツ谷/御茶ノ水/神田/東京
中央線(快速),快速,1942,高尾,0,0,0
山手線,各駅停車,1942,渋谷・品川方面,14,0,0
山手線,各駅停車,1942,池袋・上野方面,15,0,0
中央線(快速),快速,1945,東京,8,0,四ツ谷/御茶ノ水/神田/東京
中央線(快速),快速,1945,立川,0,0,0
山手線,各駅停車,1945,渋谷・品川方面,14,0,0
山手線,各駅停車,1945,池袋・上野方面,15,0,0
中央線(快速),快速,1948,東京,8,0,四ツ谷/御茶ノ水/神田/東京
中央線(快速),通勤快速,1948,大月,0,0,0
埼京線・東京臨海高速鉄道りんかい線直通,各駅停車,1948,新木場,1,0,0
山手線,各駅停車,1949,渋谷・品川方面,14,0,0
山手線,各駅停車,1949,池袋・上野方面,15,0,0
中央線(快速),中央特快,1951,東京,8,0,四ツ谷/御茶ノ水/神田/東京
中央線(快速),快速,1952,高尾,0,0,0
山手線,各駅停車,1952,渋谷・品川方面,14,0,0
山手線,各駅停車,1952,池袋・上野方面,15,0,0
中央線(快速),快速,1953,東京,8,0,四ツ谷/御茶ノ水/神田/東京
山手線,各駅停車,1955,渋谷・品川方面,14,0,0
山手線,各駅停車,1955,池袋・上野方面,15,0,0
中央線(快速),快速,1956,青梅,0,0,0
中央線(快速),快速,1957,東京,8,0,四ツ谷/御茶ノ水/神田/東京
山手線,各駅停車,1958,渋谷・品川方面,14,0,0
山手線,各駅停車,1958,池袋・上野方面,15,0,0
中央線(快速),快速,2000,東京,8,0,四ツ谷/御茶ノ水/神田/東京
中央本線(特急),特急,2000,松本,0,始発,0
中央線(快速),快速,2001,大月,0,0,0
埼京線・東京臨海高速鉄道りんかい線直通,通勤快速,2001,新木場,1,0,0
山手線,各駅停車,2002,渋谷・品川方面,14,0,0
山手線,各駅停車,2002,池袋・上野方面,15,0,0
中央線(快速),快速,2003,東京,8,0,四ツ谷/御茶ノ水/神田/東京
中央線(快速),快速,2005,豊田,0,0,0
山手線,各駅停車,2005,渋谷・品川方面,14,0,0
山手線,各駅停車,2005,池袋・上野方面,15,0,0
中央線(快速),快速,2006,東京,8,0,四ツ谷/御茶ノ水/神田/東京
中央線(快速),通勤快速,2008,高尾,0,0,0
山手線,各駅停車,2008,渋谷・品川方面,14,0,0
山手線,各駅停車,2008,池袋・上野方面,15,0,0
中央本線(特急),特急,2009,千葉,7,0,錦糸町/船橋/千葉
埼京線・東京臨海高速鉄道りんかい線直通,各駅停車,2010,新木場,1,0,0
中央線(快速),快速,2011,東京,8,0,四ツ谷/御茶ノ水/神田/東京
中央線(快速),快速,2011,高尾,0,0,0
山手線,各駅停車,2011,渋谷・品川方面,14,0,0
山手線,各駅停車,2011,池袋・上野方面,15,0,0
中央線(快速),快速,2015,東京,8,0,四ツ谷/御茶ノ水/神田/東京
中央本線(特急),ライナー,2015,青梅,0,0,0
山手線,各駅停車,2015,渋谷・品川方面,14,0,0
山手線,各駅停車,2015,池袋・上野方面,15,0,0
中央線(快速),快速,2017,東京,8,0,四ツ谷/御茶ノ水/神田/東京
中央線(快速),快速,2017,青梅,0,0,0
山手線,各駅停車,2018,渋谷・品川方面,14,0,0
山手線,各駅停車,2018,池袋・上野方面,15,0,0
中央線(快速),中央特快,2019,東京,8,0,四ツ谷/御茶ノ水/神田/東京
中央線(快速),快速,2020,高尾,0,0,0
山手線,各駅停車,2021,渋谷・品川方面,14,0,0
山手線,各駅停車,2021,池袋・上野方面,15,0,0
中央線(快速),通勤快速,2023,高尾,0,0,0
埼京線・東京臨海高速鉄道りんかい線直通,通勤快速,2023,新木場,1,0,0
山手線,各駅停車,2024,渋谷・品川方面,14,0,0
山手線,各駅停車,2024,池袋・上野方面,15,0,0
中央線(快速),快速,2025,東京,8,0,四ツ谷/御茶ノ水/神田/東京
中央線(快速),快速,2025,高尾,0,0,0
山手線,各駅停車,2028,渋谷・品川方面,14,0,0
山手線,各駅停車,2028,池袋・上野方面,15,0,0
中央線(快速),快速,2029,東京,8,0,四ツ谷/御茶ノ水/神田/東京
中央線(快速),快速,2029,豊田,0,0,0
山手線,各駅停車,2031,渋谷・品川方面,14,0,0
山手線,各駅停車,2031,池袋・上野方面,15,0,0
中央線(快速),快速,2032,豊田,0,0,0
中央線(快速),快速,2033,東京,8,0,四ツ谷/御茶ノ水/神田/東京
山手線,各駅停車,2034,渋谷・品川方面,14,0,0
山手線,各駅停車,2034,池袋・上野方面,15,0,0
中央線(快速),快速,2035,東京,8,0,四ツ谷/御茶ノ水/神田/東京
中央線(快速),通勤快速,2035,青梅,0,0,0
中央線(快速),快速,2038,高尾,0,0,0
山手線,各駅停車,2038,渋谷・品川方面,14,0,0
山手線,各駅停車,2038,池袋・上野方面,15,0,0
埼京線・東京臨海高速鉄道りんかい線直通,各駅停車,2040,新木場,1,0,0
中央線(快速),快速,2041,武蔵小金井,0,0,0
山手線,各駅停車,2041,渋谷・品川方面,14,0,0
山手線,各駅停車,2041,池袋・上野方面,15,0,0
中央線(快速),快速,2042,東京,8,0,四ツ谷/御茶ノ水/神田/東京
中央線(快速),快速,2044,高尾,0,0,0
山手線,各駅停車,2044,渋谷・品川方面,14,0,0
山手線,各駅停車,2044,池袋・上野方面,15,0,0
中央線(快速),快速,2046,東京,8,0,四ツ谷/御茶ノ水/神田/東京
中央線(快速),快速,2047,八王子,0,0,0
山手線,各駅停車,2047,大崎,14,0,0
山手線,各駅停車,2047,池袋・上野方面,15,0,0
埼京線・東京臨海高速鉄道りんかい線直通,各駅停車,2049,新木場,1,0,0
中央線(快速),通勤快速,2050,高尾,0,0,0
山手線,各駅停車,2050,渋谷・品川方面,14,0,0
山手線,各駅停車,2050,池袋・上野方面,15,0,0
中央線(快速),中央特快,2051,東京,8,0,四ツ谷/御茶ノ水/神田/東京
中央線(快速),快速,2054,東京,8,0,四ツ谷/御茶ノ水/神田/東京
山手線,各駅停車,2054,渋谷・品川方面,14,0,0
山手線,各駅停車,2054,池袋・上野方面,15,0,0
中央線(快速),快速,2055,青梅,0,0,0
山手線,各駅停車,2057,渋谷・品川方面,14,0,0
山手線,各駅停車,2057,池袋・上野方面,15,0,0
埼京線・東京臨海高速鉄道りんかい線直通,通勤快速,2057,新木場,1,0,0
中央線(快速),快速,2058,東京,8,0,四ツ谷/御茶ノ水/神田/東京
中央本線(特急),特急,2100,松本,0,始発,0
山手線,各駅停車,2100,渋谷・品川方面,14,0,0
山手線,各駅停車,2100,池袋・上野方面,15,0,0
中央線(快速),快速,2101,東京,8,0,四ツ谷/御茶ノ水/神田/東京
中央線(快速),快速,2101,八王子,0,0,0
山手線,各駅停車,2104,渋谷・品川方面,14,0,0
山手線,各駅停車,2104,池袋・上野方面,15,0,0
中央線(快速),快速,2105,東京,8,0,四ツ谷/御茶ノ水/神田/東京
中央線(快速),通勤快速,2105,高尾,0,0,0
中央本線(特急),特急,2107,千葉,7,始発,秋葉原/船橋/津田沼/稲毛/千葉
中央線(快速),快速,2107,高尾,0,0,0
山手線,各駅停車,2107,大崎,14,0,0
山手線,各駅停車,2107,池袋・上野方面,15,0,0
山手線,各駅停車,2110,渋谷・品川方面,14,0,0
山手線,各駅停車,2110,池袋・上野方面,15,0,0
中央線(快速),快速,2111,豊田,0,0,0
埼京線・東京臨海高速鉄道りんかい線直通,各駅停車,2111,新木場,1,0,0
中央線(快速),快速,2112,東京,8,0,四ツ谷/御茶ノ水/神田/東京
山手線,各駅停車,2113,渋谷・品川方面,14,0,0
山手線,各駅停車,2113,池袋・上野方面,15,0,0
中央本線(特急),ライナー,2115,高尾,0,0,0
中央線(快速),快速,2116,東京,8,0,四ツ谷/御茶ノ水/神田/東京
山手線,各駅停車,2116,渋谷・品川方面,14,0,0
山手線,各駅停車,2116,池袋・上野方面,15,0,0
中央線(快速),快速,2117,豊田,0,0,0
中央線(快速),快速,2118,東京,8,0,四ツ谷/御茶ノ水/神田/東京
成田エクスプレス,特急,2119,高尾,0,0,0
山手線,各駅停車,2120,渋谷・品川方面,14,0,0
山手線,各駅停車,2120,池袋・上野方面,15,0,0
中央線(快速),快速,2122,青梅,0,0,0
中央線(快速),快速,2123,東京,8,0,四ツ谷/御茶ノ水/神田/東京
山手線,各駅停車,2123,渋谷・品川方面,14,0,0
山手線,各駅停車,2123,池袋・上野方面,15,0,0
埼京線・東京臨海高速鉄道りんかい線直通,各駅停車,2124,新木場,1,0,0
中央線(快速),快速,2125,東京,8,0,四ツ谷/御茶ノ水/神田/東京
中央線(快速),通勤快速,2125,高尾,0,0,0
山手線,各駅停車,2126,渋谷・品川方面,14,0,0
山手線,各駅停車,2126,池袋・上野方面,15,0,0
中央線(快速),快速,2128,高尾,0,0,0
中央線(快速),中央特快,2129,東京,8,0,四ツ谷/御茶ノ水/神田/東京
山手線,各駅停車,2130,渋谷・品川方面,14,0,0
山手線,各駅停車,2130,池袋・上野方面,15,0,0
山手線,各駅停車,2132,大崎,14,0,0
山手線,各駅停車,2132,池袋・上野方面,15,0,0
中央線(快速),快速,2133,東京,8,0,四ツ谷/御茶ノ水/神田/東京
中央線(快速),快速,2133,立川,0,0,0
中央線(快速),快速,2136,東京,8,0,四ツ谷/御茶ノ水/神田/東京
中央線(快速),通勤快速,2136,高尾,0,0,0
山手線,各駅停車,2136,渋谷・品川方面,14,0,0
山手線,各駅停車,2136,池袋・上野方面,15,0,0
埼京線・東京臨海高速鉄道りんかい線直通,通勤快速,2137,新木場,1,0,0
山手線,各駅停車,2139,渋谷・品川方面,14,0,0
山手線,各駅停車,2139,池袋・上野方面,15,0,0
中央線(快速),快速,2142,青梅,0,0,0
山手線,各駅停車,2143,渋谷・品川方面,14,0,0
山手線,各駅停車,2143,池袋・上野方面,15,0,0
中央線(快速),快速,2144,東京,8,0,四ツ谷/御茶ノ水/神田/東京
中央本線(特急),ライナー,2145,青梅,0,0,0
中央線(快速),快速,2146,豊田,0,0,0
埼京線・東京臨海高速鉄道りんかい線直通,各駅停車,2146,新木場,1,0,0
中央線(快速),快速,2147,東京,8,0,四ツ谷/御茶ノ水/神田/東京
山手線,各駅停車,2147,渋谷・品川方面,14,0,0
山手線,各駅停車,2147,池袋・上野方面,15,0,0
中央線(快速),快速,2149,東京,8,0,四ツ谷/御茶ノ水/神田/東京
中央線(快速),通勤快速,2149,高尾,0,0,0
中央線(快速),中央特快,2151,東京,8,0,四ツ谷/御茶ノ水/神田/東京
山手線,各駅停車,2151,渋谷・品川方面,14,0,0
山手線,各駅停車,2151,池袋・上野方面,15,0,0
中央線(快速),快速,2152,高尾,0,0,0
中央線(快速),快速,2155,東京,8,0,四ツ谷/御茶ノ水/神田/東京
山手線,各駅停車,2155,渋谷・品川方面,14,0,0
山手線,各駅停車,2155,池袋・上野方面,15,0,0
中央線(快速),快速,2156,豊田,0,0,0
埼京線・東京臨海高速鉄道りんかい線直通,各駅停車,2156,新木場,2,0,0
山手線,各駅停車,2158,大崎,14,0,0
山手線,各駅停車,2158,池袋・上野方面,15,0,0
中央線(快速),快速,2159,東京,8,0,四ツ谷/御茶ノ水/神田/東京
中央本線(特急),特急,2200,甲府,0,0,0
中央線(快速),快速,2202,立川,0,0,0
山手線,各駅停車,2202,渋谷・品川方面,14,0,0
山手線,各駅停車,2202,池袋・上野方面,15,0,0
中央線(快速),快速,2205,東京,8,0,四ツ谷/御茶ノ水/神田/東京
中央線(快速),通勤快速,2205,高尾,0,0,0
埼京線・東京臨海高速鉄道りんかい線直通,各駅停車,2205,新木場,1,0,0
山手線,各駅停車,2206,渋谷・品川方面,14,0,0
山手線,各駅停車,2206,池袋・上野方面,15,0,0
中央線(快速),快速,2208,高尾,0,0,0
山手線,各駅停車,2210,渋谷・品川方面,14,0,0
山手線,各駅停車,2210,池袋・上野方面,15,0,0
成田エクスプレス,特急,2211,高尾,0,0,0
中央線(快速),快速,2214,青梅,0,0,0
中央線(快速),快速,2215,東京,8,0,四ツ谷/御茶ノ水/神田/東京
山手線,各駅停車,2215,渋谷・品川方面,14,0,0
山手線,各駅停車,2215,池袋・上野方面,15,0,0
埼京線・東京臨海高速鉄道りんかい線直通,各駅停車,2215,新木場,2,0,0
中央線(快速),中央特快,2218,東京,8,0,四ツ谷/御茶ノ水/神田/東京
山手線,各駅停車,2218,大崎,14,0,0
山手線,各駅停車,2218,池袋・上野方面,15,0,0
中央線(快速),中央特快,2219,高尾,0,0,0
中央線(快速),快速,2221,立川,0,0,0
山手線,各駅停車,2221,渋谷・品川方面,14,0,0
山手線,各駅停車,2221,池袋・上野方面,15,0,0
中央線(快速),快速,2222,東京,8,0,四ツ谷/御茶ノ水/神田/東京
中央線(快速),快速,2224,高尾,0,0,0
山手線,各駅停車,2225,渋谷・品川方面,14,0,0
山手線,各駅停車,2225,池袋・上野方面,15,0,0
中央線(快速),快速,2227,東京,8,0,四ツ谷/御茶ノ水/神田/東京
埼京線・東京臨海高速鉄道りんかい線直通,各駅停車,2227,新木場,1,0,0
山手線,各駅停車,2228,大崎,14,0,0
山手線,各駅停車,2228,池袋・上野方面,15,0,0
中央線(快速),中央特快,2229,高尾,0,0,0
中央線(快速),快速,2231,東京,7,0,四ツ谷/御茶ノ水/神田/東京
山手線,各駅停車,2231,渋谷・品川方面,14,0,0
山手線,各駅停車,2231,池袋・上野方面,15,0,0
中央線(快速),快速,2232,青梅,0,0,0
中央線(快速),快速,2235,東京,8,0,四ツ谷/御茶ノ水/神田/東京
山手線,各駅停車,2236,渋谷・品川方面,14,0,0
山手線,各駅停車,2236,池袋・上野方面,15,0,0
中央線(快速),快速,2239,立川,0,0,0
埼京線・東京臨海高速鉄道りんかい線直通,各駅停車,2239,新木場,1,0,0
中央線(快速),快速,2240,東京,8,0,四ツ谷/御茶ノ水/神田/東京
山手線,各駅停車,2241,渋谷・品川方面,14,0,0
山手線,各駅停車,2241,池袋・上野方面,15,0,0
中央線(快速),快速,2244,東京,8,0,四ツ谷/御茶ノ水/神田/東京
山手線,各駅停車,2244,渋谷・品川方面,14,0,0
山手線,各駅停車,2244,池袋・上野方面,15,0,0
中央本線(特急),ライナー,2245,八王子,0,0,0
中央線(快速),快速,2246,高尾,0,0,0
山手線,各駅停車,2248,渋谷・品川方面,14,0,0
山手線,各駅停車,2248,池袋・上野方面,15,0,0
中央線(快速),快速,2249,東京,8,0,四ツ谷/御茶ノ水/神田/東京
埼京線・東京臨海高速鉄道りんかい線直通,各駅停車,2250,新木場,1,0,0
中央線(快速),中央特快,2251,東京,8,0,四ツ谷/御茶ノ水/神田/東京
中央線(快速),中央特快,2251,高尾,0,0,0
山手線,各駅停車,2252,大崎,14,0,0
山手線,各駅停車,2252,池袋・上野方面,15,0,0
中央線(快速),快速,2254,豊田,0,0,0
中央線(快速),快速,2255,東京,8,0,四ツ谷/御茶ノ水/神田/東京
山手線,各駅停車,2256,渋谷・品川方面,14,0,0
山手線,各駅停車,2256,池袋・上野方面,15,0,0
中央本線(特急),特急,2300,甲府,0,0,0
中央線(快速),快速,2301,東京,8,0,四ツ谷/御茶ノ水/神田/東京
中央線(快速),快速,2301,高尾,0,0,0
山手線,各駅停車,2301,渋谷・品川方面,14,0,0
山手線,各駅停車,2301,池袋・上野方面,15,0,0
埼京線・東京臨海高速鉄道りんかい線直通,各駅停車,2303,新木場,1,0,0
中央線(快速),中央特快,2306,高尾,0,0,0
山手線,各駅停車,2307,渋谷・品川方面,14,0,0
山手線,各駅停車,2307,池袋・上野方面,15,0,0
中央線(快速),快速,2308,東京,8,0,四ツ谷/御茶ノ水/神田/東京
中央線(快速),快速,2308,高尾,0,0,0
山手線,各駅停車,2311,渋谷・品川方面,14,0,0
山手線,各駅停車,2311,池袋・上野方面,15,0,0
中央線(快速),中央特快,2315,東京,8,0,四ツ谷/御茶ノ水/神田/東京
中央本線(特急),ライナー,2315,高尾,0,0,0
中央線(快速),快速,2316,豊田,0,0,0
山手線,各駅停車,2316,渋谷・品川方面,14,0,0
山手線,各駅停車,2316,池袋・上野方面,15,0,0
埼京線・東京臨海高速鉄道りんかい線直通,通勤快速,2317,新木場,2,0,0
山手線,各駅停車,2321,渋谷・品川方面,14,0,0
山手線,各駅停車,2321,池袋・上野方面,15,0,0
中央線(快速),快速,2323,高尾,0,0,0
中央線(快速),中央特快,2327,高尾,0,0,0
山手線,各駅停車,2327,渋谷・品川方面,14,0,0
山手線,各駅停車,2327,池袋・上野方面,15,0,0
中央線(快速),快速,2331,東京,8,0,四ツ谷/御茶ノ水/神田/東京
埼京線,各駅停車,2331,大崎,1,0,0
山手線,各駅停車,2332,池袋,14,0,0
山手線,各駅停車,2332,池袋・上野方面,15,0,0
中央線(快速),快速,2333,豊田,0,始発,0
山手線,各駅停車,2336,大崎,14,0,0
山手線,各駅停車,2336,池袋・上野方面,15,0,0
中央線(快速),快速,2340,東京,8,0,四ツ谷/御茶ノ水/神田/東京
中央線(快速),快速,2340,高尾,0,0,0
山手線,各駅停車,2341,渋谷・品川方面,14,0,0
山手線,各駅停車,2341,池袋・上野方面,15,0,0
中央線(快速),中央特快,2345,大月,0,0,0
山手線,各駅停車,2346,品川,14,0,0
山手線,各駅停車,2346,池袋・上野方面,15,0,0
中央線(快速),快速,2347,東京,8,0,四ツ谷/御茶ノ水/神田/東京
山手線,各駅停車,2351,大崎,14,0,0
山手線,各駅停車,2351,池袋・上野方面,15,0,0
山手線,各駅停車,2355,渋谷・品川方面,14,0,0
山手線,各駅停車,2355,池袋・上野方面,15,0,0
中央線(快速),快速,2356,豊田,0,0,0
山手線,各駅停車,2401,大崎,14,0,0
山手線,各駅停車,2401,池袋・上野方面,15,0,0
中央線(快速),快速,2406,国分寺,0,0,0
山手線,各駅停車,2406,池袋,14,0,0
山手線,各駅停車,2406,池袋・上野方面,15,0,0
山手線,各駅停車,2411,品川,14,0,0
山手線,各駅停車,2411,池袋・上野方面,15,0,0
中央線(快速),中央特快,2414,高尾,0,0,0
中央線(快速),快速,2416,高尾,0,始発,0
山手線,各駅停車,2416,大崎,14,0,0
山手線,各駅停車,2416,池袋・上野方面,15,0,0
山手線,各駅停車,2421,品川,14,0,0
山手線,各駅停車,2421,池袋・上野方面,15,0,0
山手線,各駅停車,2426,大崎,14,0,0
山手線,各駅停車,2426,池袋・上野方面,15,0,0
山手線,各駅停車,2432,品川,14,0,0
山手線,各駅停車,2432,池袋・上野方面,15,0,0
山手線,各駅停車,2447,大崎,14,0,0
山手線,各駅停車,2447,池袋・上野方面,15,0,0
山手線,各駅停車,2500,品川,14,0,0
山手線,各駅停車,2500,池袋・上野方面,15,0,0
